[31m[1mWARNING: This is a development server. Do not use it in a production deployment. Use a production WSGI server instead.[0m
 * Running on all addresses (0.0.0.0)
 * Running on http://127.0.0.1:8888
 * Running on http://10.30.10.156:8888
[33mPress CTRL+C to quit[0m
 * Restarting with stat
 * Debugger is active!
 * Debugger PIN: 421-002-948
10.30.10.156 - - [12/Jan/2026 13:21:29] "[36mGET / HTTP/1.1[0m" 304 -
10.30.10.156 - - [12/Jan/2026 13:21:29] "[36mGET /js/main.js HTTP/1.1[0m" 304 -
10.30.10.156 - - [12/Jan/2026 13:21:29] "[36mGET /styles.css HTTP/1.1[0m" 304 -
10.30.10.156 - - [12/Jan/2026 13:21:29] "[36mGET /js/controllers/workloads.js HTTP/1.1[0m" 304 -
10.30.10.156 - - [12/Jan/2026 13:21:29] "[36mGET /js/controllers/admin.js HTTP/1.1[0m" 304 -
10.30.10.156 - - [12/Jan/2026 13:21:29] "[36mGET /js/controllers/dashboard.js HTTP/1.1[0m" 304 -
10.30.10.156 - - [12/Jan/2026 13:21:29] "[36mGET /js/controllers/analytics.js HTTP/1.1[0m" 304 -
10.30.10.156 - - [12/Jan/2026 13:21:29] "[36mGET /js/api.js HTTP/1.1[0m" 304 -
10.30.10.156 - - [12/Jan/2026 13:21:29] "[36mGET /js/state.js HTTP/1.1[0m" 304 -
10.30.10.156 - - [12/Jan/2026 13:21:29] "[36mGET /js/utils.js HTTP/1.1[0m" 304 -
10.30.10.156 - - [12/Jan/2026 13:21:29] "GET /views/dashboard.html?t=1768209689245 HTTP/1.1" 200 -
10.30.10.156 - - [12/Jan/2026 13:21:29] "GET /api/fiscal_years?t=1768209689266 HTTP/1.1" 200 -
10.30.10.156 - - [12/Jan/2026 13:21:29] "GET /api/clusters?t=1768209689329 HTTP/1.1" 200 -
10.30.10.156 - - [12/Jan/2026 13:21:29] "GET /api/dashboard/1?t=1768209689335&fiscal_year_id=1 HTTP/1.1" 200 -
10.30.10.156 - - [12/Jan/2026 13:21:31] "[36mGET / HTTP/1.1[0m" 304 -
10.30.10.156 - - [12/Jan/2026 13:21:31] "[36mGET /styles.css HTTP/1.1[0m" 304 -
10.30.10.156 - - [12/Jan/2026 13:21:31] "[36mGET /js/main.js HTTP/1.1[0m" 304 -
10.30.10.156 - - [12/Jan/2026 13:21:31] "[36mGET /js/api.js HTTP/1.1[0m" 304 -
10.30.10.156 - - [12/Jan/2026 13:21:31] "[36mGET /js/controllers/dashboard.js HTTP/1.1[0m" 304 -
10.30.10.156 - - [12/Jan/2026 13:21:31] "[36mGET /js/controllers/analytics.js HTTP/1.1[0m" 304 -
10.30.10.156 - - [12/Jan/2026 13:21:31] "[36mGET /js/utils.js HTTP/1.1[0m" 304 -
10.30.10.156 - - [12/Jan/2026 13:21:31] "[36mGET /js/controllers/workloads.js HTTP/1.1[0m" 304 -
10.30.10.156 - - [12/Jan/2026 13:21:31] "[36mGET /js/controllers/admin.js HTTP/1.1[0m" 304 -
10.30.10.156 - - [12/Jan/2026 13:21:31] "[36mGET /js/state.js HTTP/1.1[0m" 304 -
10.30.10.156 - - [12/Jan/2026 13:21:31] "GET /views/dashboard.html?t=1768209691193 HTTP/1.1" 200 -
10.30.10.156 - - [12/Jan/2026 13:21:31] "GET /api/fiscal_years?t=1768209691199 HTTP/1.1" 200 -
10.30.10.156 - - [12/Jan/2026 13:21:31] "GET /api/clusters?t=1768209691205 HTTP/1.1" 200 -
10.30.10.156 - - [12/Jan/2026 13:21:31] "GET /api/dashboard/1?t=1768209691209&fiscal_year_id=1 HTTP/1.1" 200 -
/opt/homebrew/Cellar/python@3.14/3.14.0/Frameworks/Python.framework/Versions/3.14/lib/python3.14/multiprocessing/resource_tracker.py:297: UserWarning: resource_tracker: There appear to be 1 leaked semaphore objects to clean up at shutdown: {'/mp-9iejd24i'}
  warnings.warn(
/opt/homebrew/Cellar/python@3.14/3.14.0/Frameworks/Python.framework/Versions/3.14/lib/python3.14/multiprocessing/resource_tracker.py:297: UserWarning: resource_tracker: There appear to be 1 leaked semaphore objects to clean up at shutdown: {'/mp-4la3nu6s'}
  warnings.warn(
[31m[1mWARNING: This is a development server. Do not use it in a production deployment. Use a production WSGI server instead.[0m
 * Running on all addresses (0.0.0.0)
 * Running on http://127.0.0.1:8888
 * Running on http://10.30.10.156:8888
[33mPress CTRL+C to quit[0m
 * Restarting with stat
 * Debugger is active!
 * Debugger PIN: 421-002-948
/opt/homebrew/Cellar/python@3.14/3.14.0/Frameworks/Python.framework/Versions/3.14/lib/python3.14/multiprocessing/resource_tracker.py:297: UserWarning: resource_tracker: There appear to be 1 leaked semaphore objects to clean up at shutdown: {'/mp-94a6u2tl'}
  warnings.warn(
/opt/homebrew/Cellar/python@3.14/3.14.0/Frameworks/Python.framework/Versions/3.14/lib/python3.14/multiprocessing/resource_tracker.py:297: UserWarning: resource_tracker: There appear to be 1 leaked semaphore objects to clean up at shutdown: {'/mp-989t_ev3'}
  warnings.warn(
[31m[1mWARNING: This is a development server. Do not use it in a production deployment. Use a production WSGI server instead.[0m
 * Running on all addresses (0.0.0.0)
 * Running on http://127.0.0.1:8888
 * Running on http://192.168.1.195:8888
[33mPress CTRL+C to quit[0m
 * Restarting with stat
 * Debugger is active!
 * Debugger PIN: 421-002-948
192.168.1.195 - - [13/Jan/2026 00:21:59] "GET / HTTP/1.1" 200 -
192.168.1.195 - - [13/Jan/2026 00:21:59] "GET /styles.css HTTP/1.1" 200 -
192.168.1.195 - - [13/Jan/2026 00:21:59] "GET /js/main.js HTTP/1.1" 200 -
192.168.1.195 - - [13/Jan/2026 00:22:00] "GET /js/api.js HTTP/1.1" 200 -
192.168.1.195 - - [13/Jan/2026 00:22:00] "GET /js/controllers/dashboard.js HTTP/1.1" 200 -
192.168.1.195 - - [13/Jan/2026 00:22:00] "GET /js/controllers/workloads.js HTTP/1.1" 200 -
192.168.1.195 - - [13/Jan/2026 00:22:00] "GET /js/controllers/admin.js HTTP/1.1" 200 -
192.168.1.195 - - [13/Jan/2026 00:22:00] "GET /js/controllers/analytics.js HTTP/1.1" 200 -
192.168.1.195 - - [13/Jan/2026 00:22:00] "GET /js/state.js HTTP/1.1" 200 -
192.168.1.195 - - [13/Jan/2026 00:22:00] "GET /js/utils.js HTTP/1.1" 200 -
192.168.1.195 - - [13/Jan/2026 00:22:00] "GET /views/dashboard.html?t=1768249320526 HTTP/1.1" 200 -
192.168.1.195 - - [13/Jan/2026 00:22:00] "GET /api/fiscal_years?t=1768249320531 HTTP/1.1" 200 -
192.168.1.195 - - [13/Jan/2026 00:22:00] "GET /api/clusters?t=1768249320551 HTTP/1.1" 200 -
192.168.1.195 - - [13/Jan/2026 00:22:00] "GET /api/dashboard/1?t=1768249320556&fiscal_year_id=1 HTTP/1.1" 200 -
192.168.1.195 - - [13/Jan/2026 00:22:00] "[33mGET /favicon.ico HTTP/1.1[0m" 404 -
/opt/homebrew/Cellar/python@3.14/3.14.0/Frameworks/Python.framework/Versions/3.14/lib/python3.14/multiprocessing/resource_tracker.py:297: UserWarning: resource_tracker: There appear to be 1 leaked semaphore objects to clean up at shutdown: {'/mp-__xzufgb'}
  warnings.warn(
/opt/homebrew/Cellar/python@3.14/3.14.0/Frameworks/Python.framework/Versions/3.14/lib/python3.14/multiprocessing/resource_tracker.py:297: UserWarning: resource_tracker: There appear to be 1 leaked semaphore objects to clean up at shutdown: {'/mp-6lv_rz4j'}
  warnings.warn(
[31m[1mWARNING: This is a development server. Do not use it in a production deployment. Use a production WSGI server instead.[0m
 * Running on all addresses (0.0.0.0)
 * Running on http://127.0.0.1:8888
 * Running on http://192.168.1.195:8888
[33mPress CTRL+C to quit[0m
 * Restarting with stat
 * Debugger is active!
 * Debugger PIN: 421-002-948
/opt/homebrew/Cellar/python@3.14/3.14.0/Frameworks/Python.framework/Versions/3.14/lib/python3.14/multiprocessing/resource_tracker.py:297: UserWarning: resource_tracker: There appear to be 1 leaked semaphore objects to clean up at shutdown: {'/mp-9xxni0zt'}
  warnings.warn(
/opt/homebrew/Cellar/python@3.14/3.14.0/Frameworks/Python.framework/Versions/3.14/lib/python3.14/multiprocessing/resource_tracker.py:297: UserWarning: resource_tracker: There appear to be 1 leaked semaphore objects to clean up at shutdown: {'/mp-gat3os8b'}
  warnings.warn(
[31m[1mWARNING: This is a development server. Do not use it in a production deployment. Use a production WSGI server instead.[0m
 * Running on all addresses (0.0.0.0)
 * Running on http://127.0.0.1:8888
 * Running on http://192.168.1.195:8888
[33mPress CTRL+C to quit[0m
 * Restarting with stat
 * Debugger is active!
 * Debugger PIN: 421-002-948
/opt/homebrew/Cellar/python@3.14/3.14.0/Frameworks/Python.framework/Versions/3.14/lib/python3.14/multiprocessing/resource_tracker.py:297: UserWarning: resource_tracker: There appear to be 1 leaked semaphore objects to clean up at shutdown: {'/mp-utdmijgi'}
  warnings.warn(
/opt/homebrew/Cellar/python@3.14/3.14.0/Frameworks/Python.framework/Versions/3.14/lib/python3.14/multiprocessing/resource_tracker.py:297: UserWarning: resource_tracker: There appear to be 1 leaked semaphore objects to clean up at shutdown: {'/mp-98qtzoi9'}
  warnings.warn(
Address already in use
Port 8888 is in use by another program. Either identify and stop that program, or start the server with a different port.
Address already in use
Port 8888 is in use by another program. Either identify and stop that program, or start the server with a different port.
Address already in use
Port 8888 is in use by another program. Either identify and stop that program, or start the server with a different port.
Address already in use
Port 8888 is in use by another program. Either identify and stop that program, or start the server with a different port.
Address already in use
Port 8888 is in use by another program. Either identify and stop that program, or start the server with a different port.
Address already in use
Port 8888 is in use by another program. Either identify and stop that program, or start the server with a different port.
Address already in use
Port 8888 is in use by another program. Either identify and stop that program, or start the server with a different port.
Address already in use
Port 8888 is in use by another program. Either identify and stop that program, or start the server with a different port.
Address already in use
Port 8888 is in use by another program. Either identify and stop that program, or start the server with a different port.
Address already in use
Port 8888 is in use by another program. Either identify and stop that program, or start the server with a different port.
Address already in use
Port 8888 is in use by another program. Either identify and stop that program, or start the server with a different port.
Address already in use
Port 8888 is in use by another program. Either identify and stop that program, or start the server with a different port.
Address already in use
Port 8888 is in use by another program. Either identify and stop that program, or start the server with a different port.
Address already in use
Port 8888 is in use by another program. Either identify and stop that program, or start the server with a different port.
Address already in use
Port 8888 is in use by another program. Either identify and stop that program, or start the server with a different port.
Address already in use
Port 8888 is in use by another program. Either identify and stop that program, or start the server with a different port.
Address already in use
Port 8888 is in use by another program. Either identify and stop that program, or start the server with a different port.
Address already in use
Port 8888 is in use by another program. Either identify and stop that program, or start the server with a different port.
Address already in use
Port 8888 is in use by another program. Either identify and stop that program, or start the server with a different port.
Address already in use
Port 8888 is in use by another program. Either identify and stop that program, or start the server with a different port.
Address already in use
Port 8888 is in use by another program. Either identify and stop that program, or start the server with a different port.
Address already in use
Port 8888 is in use by another program. Either identify and stop that program, or start the server with a different port.
Address already in use
Port 8888 is in use by another program. Either identify and stop that program, or start the server with a different port.
Address already in use
Port 8888 is in use by another program. Either identify and stop that program, or start the server with a different port.
Address already in use
Port 8888 is in use by another program. Either identify and stop that program, or start the server with a different port.
Address already in use
Port 8888 is in use by another program. Either identify and stop that program, or start the server with a different port.
Address already in use
Port 8888 is in use by another program. Either identify and stop that program, or start the server with a different port.
Address already in use
Port 8888 is in use by another program. Either identify and stop that program, or start the server with a different port.
Address already in use
Port 8888 is in use by another program. Either identify and stop that program, or start the server with a different port.
Address already in use
Port 8888 is in use by another program. Either identify and stop that program, or start the server with a different port.
Address already in use
Port 8888 is in use by another program. Either identify and stop that program, or start the server with a different port.
Address already in use
Port 8888 is in use by another program. Either identify and stop that program, or start the server with a different port.
Address already in use
Port 8888 is in use by another program. Either identify and stop that program, or start the server with a different port.
Address already in use
Port 8888 is in use by another program. Either identify and stop that program, or start the server with a different port.
Address already in use
Port 8888 is in use by another program. Either identify and stop that program, or start the server with a different port.
Address already in use
Port 8888 is in use by another program. Either identify and stop that program, or start the server with a different port.
Address already in use
Port 8888 is in use by another program. Either identify and stop that program, or start the server with a different port.
Address already in use
Port 8888 is in use by another program. Either identify and stop that program, or start the server with a different port.
Address already in use
Port 8888 is in use by another program. Either identify and stop that program, or start the server with a different port.
Address already in use
Port 8888 is in use by another program. Either identify and stop that program, or start the server with a different port.
Address already in use
Port 8888 is in use by another program. Either identify and stop that program, or start the server with a different port.
Address already in use
Port 8888 is in use by another program. Either identify and stop that program, or start the server with a different port.
Address already in use
Port 8888 is in use by another program. Either identify and stop that program, or start the server with a different port.
Address already in use
Port 8888 is in use by another program. Either identify and stop that program, or start the server with a different port.
Address already in use
Port 8888 is in use by another program. Either identify and stop that program, or start the server with a different port.
Address already in use
Port 8888 is in use by another program. Either identify and stop that program, or start the server with a different port.
Address already in use
Port 8888 is in use by another program. Either identify and stop that program, or start the server with a different port.
Address already in use
Port 8888 is in use by another program. Either identify and stop that program, or start the server with a different port.
Address already in use
Port 8888 is in use by another program. Either identify and stop that program, or start the server with a different port.
Address already in use
Port 8888 is in use by another program. Either identify and stop that program, or start the server with a different port.
Address already in use
Port 8888 is in use by another program. Either identify and stop that program, or start the server with a different port.
Address already in use
Port 8888 is in use by another program. Either identify and stop that program, or start the server with a different port.
Address already in use
Port 8888 is in use by another program. Either identify and stop that program, or start the server with a different port.
Address already in use
Port 8888 is in use by another program. Either identify and stop that program, or start the server with a different port.
Address already in use
Port 8888 is in use by another program. Either identify and stop that program, or start the server with a different port.
Address already in use
Port 8888 is in use by another program. Either identify and stop that program, or start the server with a different port.
Address already in use
Port 8888 is in use by another program. Either identify and stop that program, or start the server with a different port.
Address already in use
Port 8888 is in use by another program. Either identify and stop that program, or start the server with a different port.
Address already in use
Port 8888 is in use by another program. Either identify and stop that program, or start the server with a different port.
Address already in use
Port 8888 is in use by another program. Either identify and stop that program, or start the server with a different port.
Address already in use
Port 8888 is in use by another program. Either identify and stop that program, or start the server with a different port.
Address already in use
Port 8888 is in use by another program. Either identify and stop that program, or start the server with a different port.
Address already in use
Port 8888 is in use by another program. Either identify and stop that program, or start the server with a different port.
Address already in use
Port 8888 is in use by another program. Either identify and stop that program, or start the server with a different port.
Address already in use
Port 8888 is in use by another program. Either identify and stop that program, or start the server with a different port.
Address already in use
Port 8888 is in use by another program. Either identify and stop that program, or start the server with a different port.
Address already in use
Port 8888 is in use by another program. Either identify and stop that program, or start the server with a different port.
Address already in use
Port 8888 is in use by another program. Either identify and stop that program, or start the server with a different port.
Address already in use
Port 8888 is in use by another program. Either identify and stop that program, or start the server with a different port.
Address already in use
Port 8888 is in use by another program. Either identify and stop that program, or start the server with a different port.
Address already in use
Port 8888 is in use by another program. Either identify and stop that program, or start the server with a different port.
Address already in use
Port 8888 is in use by another program. Either identify and stop that program, or start the server with a different port.
Address already in use
Port 8888 is in use by another program. Either identify and stop that program, or start the server with a different port.
Address already in use
Port 8888 is in use by another program. Either identify and stop that program, or start the server with a different port.
Address already in use
Port 8888 is in use by another program. Either identify and stop that program, or start the server with a different port.
Address already in use
Port 8888 is in use by another program. Either identify and stop that program, or start the server with a different port.
Address already in use
Port 8888 is in use by another program. Either identify and stop that program, or start the server with a different port.
Address already in use
Port 8888 is in use by another program. Either identify and stop that program, or start the server with a different port.
Address already in use
Port 8888 is in use by another program. Either identify and stop that program, or start the server with a different port.
Address already in use
Port 8888 is in use by another program. Either identify and stop that program, or start the server with a different port.
Address already in use
Port 8888 is in use by another program. Either identify and stop that program, or start the server with a different port.
Address already in use
Port 8888 is in use by another program. Either identify and stop that program, or start the server with a different port.
Address already in use
Port 8888 is in use by another program. Either identify and stop that program, or start the server with a different port.
Address already in use
Port 8888 is in use by another program. Either identify and stop that program, or start the server with a different port.
Address already in use
Port 8888 is in use by another program. Either identify and stop that program, or start the server with a different port.
Address already in use
Port 8888 is in use by another program. Either identify and stop that program, or start the server with a different port.
Address already in use
Port 8888 is in use by another program. Either identify and stop that program, or start the server with a different port.
Address already in use
Port 8888 is in use by another program. Either identify and stop that program, or start the server with a different port.
Address already in use
Port 8888 is in use by another program. Either identify and stop that program, or start the server with a different port.
Address already in use
Port 8888 is in use by another program. Either identify and stop that program, or start the server with a different port.
Address already in use
Port 8888 is in use by another program. Either identify and stop that program, or start the server with a different port.
Address already in use
Port 8888 is in use by another program. Either identify and stop that program, or start the server with a different port.
Address already in use
Port 8888 is in use by another program. Either identify and stop that program, or start the server with a different port.
Address already in use
Port 8888 is in use by another program. Either identify and stop that program, or start the server with a different port.
Address already in use
Port 8888 is in use by another program. Either identify and stop that program, or start the server with a different port.
Address already in use
Port 8888 is in use by another program. Either identify and stop that program, or start the server with a different port.
Address already in use
Port 8888 is in use by another program. Either identify and stop that program, or start the server with a different port.
Address already in use
Port 8888 is in use by another program. Either identify and stop that program, or start the server with a different port.
Address already in use
Port 8888 is in use by another program. Either identify and stop that program, or start the server with a different port.
Address already in use
Port 8888 is in use by another program. Either identify and stop that program, or start the server with a different port.
Address already in use
Port 8888 is in use by another program. Either identify and stop that program, or start the server with a different port.
Address already in use
Port 8888 is in use by another program. Either identify and stop that program, or start the server with a different port.
Address already in use
Port 8888 is in use by another program. Either identify and stop that program, or start the server with a different port.
Address already in use
Port 8888 is in use by another program. Either identify and stop that program, or start the server with a different port.
Address already in use
Port 8888 is in use by another program. Either identify and stop that program, or start the server with a different port.
Address already in use
Port 8888 is in use by another program. Either identify and stop that program, or start the server with a different port.
Address already in use
Port 8888 is in use by another program. Either identify and stop that program, or start the server with a different port.
Address already in use
Port 8888 is in use by another program. Either identify and stop that program, or start the server with a different port.
Address already in use
Port 8888 is in use by another program. Either identify and stop that program, or start the server with a different port.
Address already in use
Port 8888 is in use by another program. Either identify and stop that program, or start the server with a different port.
Address already in use
Port 8888 is in use by another program. Either identify and stop that program, or start the server with a different port.
Address already in use
Port 8888 is in use by another program. Either identify and stop that program, or start the server with a different port.
Address already in use
Port 8888 is in use by another program. Either identify and stop that program, or start the server with a different port.
Address already in use
Port 8888 is in use by another program. Either identify and stop that program, or start the server with a different port.
Address already in use
Port 8888 is in use by another program. Either identify and stop that program, or start the server with a different port.
Address already in use
Port 8888 is in use by another program. Either identify and stop that program, or start the server with a different port.
Address already in use
Port 8888 is in use by another program. Either identify and stop that program, or start the server with a different port.
Address already in use
Port 8888 is in use by another program. Either identify and stop that program, or start the server with a different port.
Address already in use
Port 8888 is in use by another program. Either identify and stop that program, or start the server with a different port.
Address already in use
Port 8888 is in use by another program. Either identify and stop that program, or start the server with a different port.
Address already in use
Port 8888 is in use by another program. Either identify and stop that program, or start the server with a different port.
Address already in use
Port 8888 is in use by another program. Either identify and stop that program, or start the server with a different port.
Address already in use
Port 8888 is in use by another program. Either identify and stop that program, or start the server with a different port.
Address already in use
Port 8888 is in use by another program. Either identify and stop that program, or start the server with a different port.
Address already in use
Port 8888 is in use by another program. Either identify and stop that program, or start the server with a different port.
Address already in use
Port 8888 is in use by another program. Either identify and stop that program, or start the server with a different port.
Address already in use
Port 8888 is in use by another program. Either identify and stop that program, or start the server with a different port.
Address already in use
Port 8888 is in use by another program. Either identify and stop that program, or start the server with a different port.
Address already in use
Port 8888 is in use by another program. Either identify and stop that program, or start the server with a different port.
Address already in use
Port 8888 is in use by another program. Either identify and stop that program, or start the server with a different port.
Address already in use
Port 8888 is in use by another program. Either identify and stop that program, or start the server with a different port.
Address already in use
Port 8888 is in use by another program. Either identify and stop that program, or start the server with a different port.
Address already in use
Port 8888 is in use by another program. Either identify and stop that program, or start the server with a different port.
Address already in use
Port 8888 is in use by another program. Either identify and stop that program, or start the server with a different port.
Address already in use
Port 8888 is in use by another program. Either identify and stop that program, or start the server with a different port.
Address already in use
Port 8888 is in use by another program. Either identify and stop that program, or start the server with a different port.
Address already in use
Port 8888 is in use by another program. Either identify and stop that program, or start the server with a different port.
Address already in use
Port 8888 is in use by another program. Either identify and stop that program, or start the server with a different port.
Address already in use
Port 8888 is in use by another program. Either identify and stop that program, or start the server with a different port.
Address already in use
Port 8888 is in use by another program. Either identify and stop that program, or start the server with a different port.
Address already in use
Port 8888 is in use by another program. Either identify and stop that program, or start the server with a different port.
Address already in use
Port 8888 is in use by another program. Either identify and stop that program, or start the server with a different port.
Address already in use
Port 8888 is in use by another program. Either identify and stop that program, or start the server with a different port.
Address already in use
Port 8888 is in use by another program. Either identify and stop that program, or start the server with a different port.
Address already in use
Port 8888 is in use by another program. Either identify and stop that program, or start the server with a different port.
Address already in use
Port 8888 is in use by another program. Either identify and stop that program, or start the server with a different port.
Address already in use
Port 8888 is in use by another program. Either identify and stop that program, or start the server with a different port.
Address already in use
Port 8888 is in use by another program. Either identify and stop that program, or start the server with a different port.
Address already in use
Port 8888 is in use by another program. Either identify and stop that program, or start the server with a different port.
Address already in use
Port 8888 is in use by another program. Either identify and stop that program, or start the server with a different port.
Address already in use
Port 8888 is in use by another program. Either identify and stop that program, or start the server with a different port.
Address already in use
Port 8888 is in use by another program. Either identify and stop that program, or start the server with a different port.
Address already in use
Port 8888 is in use by another program. Either identify and stop that program, or start the server with a different port.
Address already in use
Port 8888 is in use by another program. Either identify and stop that program, or start the server with a different port.
Address already in use
Port 8888 is in use by another program. Either identify and stop that program, or start the server with a different port.
Address already in use
Port 8888 is in use by another program. Either identify and stop that program, or start the server with a different port.
Address already in use
Port 8888 is in use by another program. Either identify and stop that program, or start the server with a different port.
Address already in use
Port 8888 is in use by another program. Either identify and stop that program, or start the server with a different port.
Address already in use
Port 8888 is in use by another program. Either identify and stop that program, or start the server with a different port.
Address already in use
Port 8888 is in use by another program. Either identify and stop that program, or start the server with a different port.
Address already in use
Port 8888 is in use by another program. Either identify and stop that program, or start the server with a different port.
Address already in use
Port 8888 is in use by another program. Either identify and stop that program, or start the server with a different port.
Address already in use
Port 8888 is in use by another program. Either identify and stop that program, or start the server with a different port.
Address already in use
Port 8888 is in use by another program. Either identify and stop that program, or start the server with a different port.
Address already in use
Port 8888 is in use by another program. Either identify and stop that program, or start the server with a different port.
Address already in use
Port 8888 is in use by another program. Either identify and stop that program, or start the server with a different port.
Address already in use
Port 8888 is in use by another program. Either identify and stop that program, or start the server with a different port.
Address already in use
Port 8888 is in use by another program. Either identify and stop that program, or start the server with a different port.
Address already in use
Port 8888 is in use by another program. Either identify and stop that program, or start the server with a different port.
Address already in use
Port 8888 is in use by another program. Either identify and stop that program, or start the server with a different port.
Address already in use
Port 8888 is in use by another program. Either identify and stop that program, or start the server with a different port.
Address already in use
Port 8888 is in use by another program. Either identify and stop that program, or start the server with a different port.
Address already in use
Port 8888 is in use by another program. Either identify and stop that program, or start the server with a different port.
Address already in use
Port 8888 is in use by another program. Either identify and stop that program, or start the server with a different port.
Address already in use
Port 8888 is in use by another program. Either identify and stop that program, or start the server with a different port.
Address already in use
Port 8888 is in use by another program. Either identify and stop that program, or start the server with a different port.
Address already in use
Port 8888 is in use by another program. Either identify and stop that program, or start the server with a different port.
Address already in use
Port 8888 is in use by another program. Either identify and stop that program, or start the server with a different port.
Address already in use
Port 8888 is in use by another program. Either identify and stop that program, or start the server with a different port.
Address already in use
Port 8888 is in use by another program. Either identify and stop that program, or start the server with a different port.
Address already in use
Port 8888 is in use by another program. Either identify and stop that program, or start the server with a different port.
Address already in use
Port 8888 is in use by another program. Either identify and stop that program, or start the server with a different port.
Address already in use
Port 8888 is in use by another program. Either identify and stop that program, or start the server with a different port.
Address already in use
Port 8888 is in use by another program. Either identify and stop that program, or start the server with a different port.
Address already in use
Port 8888 is in use by another program. Either identify and stop that program, or start the server with a different port.
Address already in use
Port 8888 is in use by another program. Either identify and stop that program, or start the server with a different port.
Address already in use
Port 8888 is in use by another program. Either identify and stop that program, or start the server with a different port.
Address already in use
Port 8888 is in use by another program. Either identify and stop that program, or start the server with a different port.
Address already in use
Port 8888 is in use by another program. Either identify and stop that program, or start the server with a different port.
Address already in use
Port 8888 is in use by another program. Either identify and stop that program, or start the server with a different port.
Address already in use
Port 8888 is in use by another program. Either identify and stop that program, or start the server with a different port.
Address already in use
Port 8888 is in use by another program. Either identify and stop that program, or start the server with a different port.
Address already in use
Port 8888 is in use by another program. Either identify and stop that program, or start the server with a different port.
Address already in use
Port 8888 is in use by another program. Either identify and stop that program, or start the server with a different port.
Address already in use
Port 8888 is in use by another program. Either identify and stop that program, or start the server with a different port.
Address already in use
Port 8888 is in use by another program. Either identify and stop that program, or start the server with a different port.
Address already in use
Port 8888 is in use by another program. Either identify and stop that program, or start the server with a different port.
Address already in use
Port 8888 is in use by another program. Either identify and stop that program, or start the server with a different port.
Address already in use
Port 8888 is in use by another program. Either identify and stop that program, or start the server with a different port.
Address already in use
Port 8888 is in use by another program. Either identify and stop that program, or start the server with a different port.
Address already in use
Port 8888 is in use by another program. Either identify and stop that program, or start the server with a different port.
Address already in use
Port 8888 is in use by another program. Either identify and stop that program, or start the server with a different port.
Address already in use
Port 8888 is in use by another program. Either identify and stop that program, or start the server with a different port.
Address already in use
Port 8888 is in use by another program. Either identify and stop that program, or start the server with a different port.
Address already in use
Port 8888 is in use by another program. Either identify and stop that program, or start the server with a different port.
Address already in use
Port 8888 is in use by another program. Either identify and stop that program, or start the server with a different port.
Address already in use
Port 8888 is in use by another program. Either identify and stop that program, or start the server with a different port.
Address already in use
Port 8888 is in use by another program. Either identify and stop that program, or start the server with a different port.
Address already in use
Port 8888 is in use by another program. Either identify and stop that program, or start the server with a different port.
Address already in use
Port 8888 is in use by another program. Either identify and stop that program, or start the server with a different port.
Address already in use
Port 8888 is in use by another program. Either identify and stop that program, or start the server with a different port.
Address already in use
Port 8888 is in use by another program. Either identify and stop that program, or start the server with a different port.
[31m[1mWARNING: This is a development server. Do not use it in a production deployment. Use a production WSGI server instead.[0m
 * Running on all addresses (0.0.0.0)
 * Running on http://127.0.0.1:8888
 * Running on http://192.168.1.195:8888
[33mPress CTRL+C to quit[0m
 * Restarting with stat
 * Debugger is active!
 * Debugger PIN: 421-002-948
/opt/homebrew/Cellar/python@3.14/3.14.0/Frameworks/Python.framework/Versions/3.14/lib/python3.14/multiprocessing/resource_tracker.py:297: UserWarning: resource_tracker: There appear to be 1 leaked semaphore objects to clean up at shutdown: {'/mp-xue_n_bn'}
  warnings.warn(
/opt/homebrew/Cellar/python@3.14/3.14.0/Frameworks/Python.framework/Versions/3.14/lib/python3.14/multiprocessing/resource_tracker.py:297: UserWarning: resource_tracker: There appear to be 1 leaked semaphore objects to clean up at shutdown: {'/mp-9dl7gbdh'}
  warnings.warn(
Address already in use
Port 8888 is in use by another program. Either identify and stop that program, or start the server with a different port.
Address already in use
Port 8888 is in use by another program. Either identify and stop that program, or start the server with a different port.
Address already in use
Port 8888 is in use by another program. Either identify and stop that program, or start the server with a different port.
Address already in use
Port 8888 is in use by another program. Either identify and stop that program, or start the server with a different port.
Address already in use
Port 8888 is in use by another program. Either identify and stop that program, or start the server with a different port.
Address already in use
Port 8888 is in use by another program. Either identify and stop that program, or start the server with a different port.
Address already in use
Port 8888 is in use by another program. Either identify and stop that program, or start the server with a different port.
Address already in use
Port 8888 is in use by another program. Either identify and stop that program, or start the server with a different port.
Address already in use
Port 8888 is in use by another program. Either identify and stop that program, or start the server with a different port.
Address already in use
Port 8888 is in use by another program. Either identify and stop that program, or start the server with a different port.
Address already in use
Port 8888 is in use by another program. Either identify and stop that program, or start the server with a different port.
Address already in use
Port 8888 is in use by another program. Either identify and stop that program, or start the server with a different port.
Address already in use
Port 8888 is in use by another program. Either identify and stop that program, or start the server with a different port.
Address already in use
Port 8888 is in use by another program. Either identify and stop that program, or start the server with a different port.
Address already in use
Port 8888 is in use by another program. Either identify and stop that program, or start the server with a different port.
Address already in use
Port 8888 is in use by another program. Either identify and stop that program, or start the server with a different port.
Address already in use
Port 8888 is in use by another program. Either identify and stop that program, or start the server with a different port.
Address already in use
Port 8888 is in use by another program. Either identify and stop that program, or start the server with a different port.
Address already in use
Port 8888 is in use by another program. Either identify and stop that program, or start the server with a different port.
Address already in use
Port 8888 is in use by another program. Either identify and stop that program, or start the server with a different port.
Address already in use
Port 8888 is in use by another program. Either identify and stop that program, or start the server with a different port.
Address already in use
Port 8888 is in use by another program. Either identify and stop that program, or start the server with a different port.
Address already in use
Port 8888 is in use by another program. Either identify and stop that program, or start the server with a different port.
Address already in use
Port 8888 is in use by another program. Either identify and stop that program, or start the server with a different port.
Address already in use
Port 8888 is in use by another program. Either identify and stop that program, or start the server with a different port.
Address already in use
Port 8888 is in use by another program. Either identify and stop that program, or start the server with a different port.
Address already in use
Port 8888 is in use by another program. Either identify and stop that program, or start the server with a different port.
Address already in use
Port 8888 is in use by another program. Either identify and stop that program, or start the server with a different port.
Address already in use
Port 8888 is in use by another program. Either identify and stop that program, or start the server with a different port.
Address already in use
Port 8888 is in use by another program. Either identify and stop that program, or start the server with a different port.
Address already in use
Port 8888 is in use by another program. Either identify and stop that program, or start the server with a different port.
Address already in use
Port 8888 is in use by another program. Either identify and stop that program, or start the server with a different port.
Address already in use
Port 8888 is in use by another program. Either identify and stop that program, or start the server with a different port.
Address already in use
Port 8888 is in use by another program. Either identify and stop that program, or start the server with a different port.
Address already in use
Port 8888 is in use by another program. Either identify and stop that program, or start the server with a different port.
Address already in use
Port 8888 is in use by another program. Either identify and stop that program, or start the server with a different port.
Address already in use
Port 8888 is in use by another program. Either identify and stop that program, or start the server with a different port.
Address already in use
Port 8888 is in use by another program. Either identify and stop that program, or start the server with a different port.
Address already in use
Port 8888 is in use by another program. Either identify and stop that program, or start the server with a different port.
Address already in use
Port 8888 is in use by another program. Either identify and stop that program, or start the server with a different port.
Address already in use
Port 8888 is in use by another program. Either identify and stop that program, or start the server with a different port.
Address already in use
Port 8888 is in use by another program. Either identify and stop that program, or start the server with a different port.
Address already in use
Port 8888 is in use by another program. Either identify and stop that program, or start the server with a different port.
Address already in use
Port 8888 is in use by another program. Either identify and stop that program, or start the server with a different port.
Address already in use
Port 8888 is in use by another program. Either identify and stop that program, or start the server with a different port.
Address already in use
Port 8888 is in use by another program. Either identify and stop that program, or start the server with a different port.
Address already in use
Port 8888 is in use by another program. Either identify and stop that program, or start the server with a different port.
Address already in use
Port 8888 is in use by another program. Either identify and stop that program, or start the server with a different port.
Address already in use
Port 8888 is in use by another program. Either identify and stop that program, or start the server with a different port.
Address already in use
Port 8888 is in use by another program. Either identify and stop that program, or start the server with a different port.
Address already in use
Port 8888 is in use by another program. Either identify and stop that program, or start the server with a different port.
Address already in use
Port 8888 is in use by another program. Either identify and stop that program, or start the server with a different port.
Address already in use
Port 8888 is in use by another program. Either identify and stop that program, or start the server with a different port.
Address already in use
Port 8888 is in use by another program. Either identify and stop that program, or start the server with a different port.
Address already in use
Port 8888 is in use by another program. Either identify and stop that program, or start the server with a different port.
Address already in use
Port 8888 is in use by another program. Either identify and stop that program, or start the server with a different port.
Address already in use
Port 8888 is in use by another program. Either identify and stop that program, or start the server with a different port.
Address already in use
Port 8888 is in use by another program. Either identify and stop that program, or start the server with a different port.
Address already in use
Port 8888 is in use by another program. Either identify and stop that program, or start the server with a different port.
Address already in use
Port 8888 is in use by another program. Either identify and stop that program, or start the server with a different port.
Address already in use
Port 8888 is in use by another program. Either identify and stop that program, or start the server with a different port.
Address already in use
Port 8888 is in use by another program. Either identify and stop that program, or start the server with a different port.
Address already in use
Port 8888 is in use by another program. Either identify and stop that program, or start the server with a different port.
Address already in use
Port 8888 is in use by another program. Either identify and stop that program, or start the server with a different port.
Address already in use
Port 8888 is in use by another program. Either identify and stop that program, or start the server with a different port.
Address already in use
Port 8888 is in use by another program. Either identify and stop that program, or start the server with a different port.
Address already in use
Port 8888 is in use by another program. Either identify and stop that program, or start the server with a different port.
Address already in use
Port 8888 is in use by another program. Either identify and stop that program, or start the server with a different port.
Address already in use
Port 8888 is in use by another program. Either identify and stop that program, or start the server with a different port.
Address already in use
Port 8888 is in use by another program. Either identify and stop that program, or start the server with a different port.
Address already in use
Port 8888 is in use by another program. Either identify and stop that program, or start the server with a different port.
Address already in use
Port 8888 is in use by another program. Either identify and stop that program, or start the server with a different port.
Address already in use
Port 8888 is in use by another program. Either identify and stop that program, or start the server with a different port.
Address already in use
Port 8888 is in use by another program. Either identify and stop that program, or start the server with a different port.
Address already in use
Port 8888 is in use by another program. Either identify and stop that program, or start the server with a different port.
Address already in use
Port 8888 is in use by another program. Either identify and stop that program, or start the server with a different port.
Address already in use
Port 8888 is in use by another program. Either identify and stop that program, or start the server with a different port.
Address already in use
Port 8888 is in use by another program. Either identify and stop that program, or start the server with a different port.
Address already in use
Port 8888 is in use by another program. Either identify and stop that program, or start the server with a different port.
Address already in use
Port 8888 is in use by another program. Either identify and stop that program, or start the server with a different port.
Address already in use
Port 8888 is in use by another program. Either identify and stop that program, or start the server with a different port.
Address already in use
Port 8888 is in use by another program. Either identify and stop that program, or start the server with a different port.
Address already in use
Port 8888 is in use by another program. Either identify and stop that program, or start the server with a different port.
Address already in use
Port 8888 is in use by another program. Either identify and stop that program, or start the server with a different port.
Address already in use
Port 8888 is in use by another program. Either identify and stop that program, or start the server with a different port.
Address already in use
Port 8888 is in use by another program. Either identify and stop that program, or start the server with a different port.
Address already in use
Port 8888 is in use by another program. Either identify and stop that program, or start the server with a different port.
Address already in use
Port 8888 is in use by another program. Either identify and stop that program, or start the server with a different port.
Address already in use
Port 8888 is in use by another program. Either identify and stop that program, or start the server with a different port.
Address already in use
Port 8888 is in use by another program. Either identify and stop that program, or start the server with a different port.
Address already in use
Port 8888 is in use by another program. Either identify and stop that program, or start the server with a different port.
Address already in use
Port 8888 is in use by another program. Either identify and stop that program, or start the server with a different port.
Address already in use
Port 8888 is in use by another program. Either identify and stop that program, or start the server with a different port.
Address already in use
Port 8888 is in use by another program. Either identify and stop that program, or start the server with a different port.
Address already in use
Port 8888 is in use by another program. Either identify and stop that program, or start the server with a different port.
Address already in use
Port 8888 is in use by another program. Either identify and stop that program, or start the server with a different port.
Address already in use
Port 8888 is in use by another program. Either identify and stop that program, or start the server with a different port.
Address already in use
Port 8888 is in use by another program. Either identify and stop that program, or start the server with a different port.
Address already in use
Port 8888 is in use by another program. Either identify and stop that program, or start the server with a different port.
Address already in use
Port 8888 is in use by another program. Either identify and stop that program, or start the server with a different port.
Address already in use
Port 8888 is in use by another program. Either identify and stop that program, or start the server with a different port.
Address already in use
Port 8888 is in use by another program. Either identify and stop that program, or start the server with a different port.
Address already in use
Port 8888 is in use by another program. Either identify and stop that program, or start the server with a different port.
Address already in use
Port 8888 is in use by another program. Either identify and stop that program, or start the server with a different port.
Address already in use
Port 8888 is in use by another program. Either identify and stop that program, or start the server with a different port.
Address already in use
Port 8888 is in use by another program. Either identify and stop that program, or start the server with a different port.
Address already in use
Port 8888 is in use by another program. Either identify and stop that program, or start the server with a different port.
Address already in use
Port 8888 is in use by another program. Either identify and stop that program, or start the server with a different port.
Address already in use
Port 8888 is in use by another program. Either identify and stop that program, or start the server with a different port.
Address already in use
Port 8888 is in use by another program. Either identify and stop that program, or start the server with a different port.
Address already in use
Port 8888 is in use by another program. Either identify and stop that program, or start the server with a different port.
Address already in use
Port 8888 is in use by another program. Either identify and stop that program, or start the server with a different port.
Address already in use
Port 8888 is in use by another program. Either identify and stop that program, or start the server with a different port.
Address already in use
Port 8888 is in use by another program. Either identify and stop that program, or start the server with a different port.
Address already in use
Port 8888 is in use by another program. Either identify and stop that program, or start the server with a different port.
Address already in use
Port 8888 is in use by another program. Either identify and stop that program, or start the server with a different port.
Address already in use
Port 8888 is in use by another program. Either identify and stop that program, or start the server with a different port.
Address already in use
Port 8888 is in use by another program. Either identify and stop that program, or start the server with a different port.
Address already in use
Port 8888 is in use by another program. Either identify and stop that program, or start the server with a different port.
Address already in use
Port 8888 is in use by another program. Either identify and stop that program, or start the server with a different port.
Address already in use
Port 8888 is in use by another program. Either identify and stop that program, or start the server with a different port.
Address already in use
Port 8888 is in use by another program. Either identify and stop that program, or start the server with a different port.
Address already in use
Port 8888 is in use by another program. Either identify and stop that program, or start the server with a different port.
Address already in use
Port 8888 is in use by another program. Either identify and stop that program, or start the server with a different port.
Address already in use
Port 8888 is in use by another program. Either identify and stop that program, or start the server with a different port.
Address already in use
Port 8888 is in use by another program. Either identify and stop that program, or start the server with a different port.
Address already in use
Port 8888 is in use by another program. Either identify and stop that program, or start the server with a different port.
Address already in use
Port 8888 is in use by another program. Either identify and stop that program, or start the server with a different port.
Address already in use
Port 8888 is in use by another program. Either identify and stop that program, or start the server with a different port.
Address already in use
Port 8888 is in use by another program. Either identify and stop that program, or start the server with a different port.
Address already in use
Port 8888 is in use by another program. Either identify and stop that program, or start the server with a different port.
Address already in use
Port 8888 is in use by another program. Either identify and stop that program, or start the server with a different port.
Address already in use
Port 8888 is in use by another program. Either identify and stop that program, or start the server with a different port.
Address already in use
Port 8888 is in use by another program. Either identify and stop that program, or start the server with a different port.
Address already in use
Port 8888 is in use by another program. Either identify and stop that program, or start the server with a different port.
Address already in use
Port 8888 is in use by another program. Either identify and stop that program, or start the server with a different port.
Address already in use
Port 8888 is in use by another program. Either identify and stop that program, or start the server with a different port.
Address already in use
Port 8888 is in use by another program. Either identify and stop that program, or start the server with a different port.
Address already in use
Port 8888 is in use by another program. Either identify and stop that program, or start the server with a different port.
Address already in use
Port 8888 is in use by another program. Either identify and stop that program, or start the server with a different port.
Address already in use
Port 8888 is in use by another program. Either identify and stop that program, or start the server with a different port.
Address already in use
Port 8888 is in use by another program. Either identify and stop that program, or start the server with a different port.
Address already in use
Port 8888 is in use by another program. Either identify and stop that program, or start the server with a different port.
Address already in use
Port 8888 is in use by another program. Either identify and stop that program, or start the server with a different port.
Address already in use
Port 8888 is in use by another program. Either identify and stop that program, or start the server with a different port.
Address already in use
Port 8888 is in use by another program. Either identify and stop that program, or start the server with a different port.
Address already in use
Port 8888 is in use by another program. Either identify and stop that program, or start the server with a different port.
Address already in use
Port 8888 is in use by another program. Either identify and stop that program, or start the server with a different port.
Address already in use
Port 8888 is in use by another program. Either identify and stop that program, or start the server with a different port.
Address already in use
Port 8888 is in use by another program. Either identify and stop that program, or start the server with a different port.
Address already in use
Port 8888 is in use by another program. Either identify and stop that program, or start the server with a different port.
Address already in use
Port 8888 is in use by another program. Either identify and stop that program, or start the server with a different port.
Address already in use
Port 8888 is in use by another program. Either identify and stop that program, or start the server with a different port.
Address already in use
Port 8888 is in use by another program. Either identify and stop that program, or start the server with a different port.
Address already in use
Port 8888 is in use by another program. Either identify and stop that program, or start the server with a different port.
Address already in use
Port 8888 is in use by another program. Either identify and stop that program, or start the server with a different port.
Address already in use
Port 8888 is in use by another program. Either identify and stop that program, or start the server with a different port.
Address already in use
Port 8888 is in use by another program. Either identify and stop that program, or start the server with a different port.
Address already in use
Port 8888 is in use by another program. Either identify and stop that program, or start the server with a different port.
Address already in use
Port 8888 is in use by another program. Either identify and stop that program, or start the server with a different port.
Address already in use
Port 8888 is in use by another program. Either identify and stop that program, or start the server with a different port.
Address already in use
Port 8888 is in use by another program. Either identify and stop that program, or start the server with a different port.
Address already in use
Port 8888 is in use by another program. Either identify and stop that program, or start the server with a different port.
Address already in use
Port 8888 is in use by another program. Either identify and stop that program, or start the server with a different port.
Address already in use
Port 8888 is in use by another program. Either identify and stop that program, or start the server with a different port.
Address already in use
Port 8888 is in use by another program. Either identify and stop that program, or start the server with a different port.
Address already in use
Port 8888 is in use by another program. Either identify and stop that program, or start the server with a different port.
Address already in use
Port 8888 is in use by another program. Either identify and stop that program, or start the server with a different port.
Address already in use
Port 8888 is in use by another program. Either identify and stop that program, or start the server with a different port.
Address already in use
Port 8888 is in use by another program. Either identify and stop that program, or start the server with a different port.
Address already in use
Port 8888 is in use by another program. Either identify and stop that program, or start the server with a different port.
Address already in use
Port 8888 is in use by another program. Either identify and stop that program, or start the server with a different port.
Address already in use
Port 8888 is in use by another program. Either identify and stop that program, or start the server with a different port.
Address already in use
Port 8888 is in use by another program. Either identify and stop that program, or start the server with a different port.
Address already in use
Port 8888 is in use by another program. Either identify and stop that program, or start the server with a different port.
Address already in use
Port 8888 is in use by another program. Either identify and stop that program, or start the server with a different port.
Address already in use
Port 8888 is in use by another program. Either identify and stop that program, or start the server with a different port.
Address already in use
Port 8888 is in use by another program. Either identify and stop that program, or start the server with a different port.
Address already in use
Port 8888 is in use by another program. Either identify and stop that program, or start the server with a different port.
Address already in use
Port 8888 is in use by another program. Either identify and stop that program, or start the server with a different port.
Address already in use
Port 8888 is in use by another program. Either identify and stop that program, or start the server with a different port.
Address already in use
Port 8888 is in use by another program. Either identify and stop that program, or start the server with a different port.
Address already in use
Port 8888 is in use by another program. Either identify and stop that program, or start the server with a different port.
Address already in use
Port 8888 is in use by another program. Either identify and stop that program, or start the server with a different port.
Address already in use
Port 8888 is in use by another program. Either identify and stop that program, or start the server with a different port.
Address already in use
Port 8888 is in use by another program. Either identify and stop that program, or start the server with a different port.
Address already in use
Port 8888 is in use by another program. Either identify and stop that program, or start the server with a different port.
Address already in use
Port 8888 is in use by another program. Either identify and stop that program, or start the server with a different port.
Address already in use
Port 8888 is in use by another program. Either identify and stop that program, or start the server with a different port.
Address already in use
Port 8888 is in use by another program. Either identify and stop that program, or start the server with a different port.
Address already in use
Port 8888 is in use by another program. Either identify and stop that program, or start the server with a different port.
Address already in use
Port 8888 is in use by another program. Either identify and stop that program, or start the server with a different port.
Address already in use
Port 8888 is in use by another program. Either identify and stop that program, or start the server with a different port.
Address already in use
Port 8888 is in use by another program. Either identify and stop that program, or start the server with a different port.
Address already in use
Port 8888 is in use by another program. Either identify and stop that program, or start the server with a different port.
Address already in use
Port 8888 is in use by another program. Either identify and stop that program, or start the server with a different port.
Address already in use
Port 8888 is in use by another program. Either identify and stop that program, or start the server with a different port.
Address already in use
Port 8888 is in use by another program. Either identify and stop that program, or start the server with a different port.
Address already in use
Port 8888 is in use by another program. Either identify and stop that program, or start the server with a different port.
Address already in use
Port 8888 is in use by another program. Either identify and stop that program, or start the server with a different port.
Address already in use
Port 8888 is in use by another program. Either identify and stop that program, or start the server with a different port.
Address already in use
Port 8888 is in use by another program. Either identify and stop that program, or start the server with a different port.
Address already in use
Port 8888 is in use by another program. Either identify and stop that program, or start the server with a different port.
Address already in use
Port 8888 is in use by another program. Either identify and stop that program, or start the server with a different port.
Address already in use
Port 8888 is in use by another program. Either identify and stop that program, or start the server with a different port.
Address already in use
Port 8888 is in use by another program. Either identify and stop that program, or start the server with a different port.
Address already in use
Port 8888 is in use by another program. Either identify and stop that program, or start the server with a different port.
Address already in use
Port 8888 is in use by another program. Either identify and stop that program, or start the server with a different port.
Address already in use
Port 8888 is in use by another program. Either identify and stop that program, or start the server with a different port.
Address already in use
Port 8888 is in use by another program. Either identify and stop that program, or start the server with a different port.
Address already in use
Port 8888 is in use by another program. Either identify and stop that program, or start the server with a different port.
Address already in use
Port 8888 is in use by another program. Either identify and stop that program, or start the server with a different port.
Address already in use
Port 8888 is in use by another program. Either identify and stop that program, or start the server with a different port.
Address already in use
Port 8888 is in use by another program. Either identify and stop that program, or start the server with a different port.
Address already in use
Port 8888 is in use by another program. Either identify and stop that program, or start the server with a different port.
Address already in use
Port 8888 is in use by another program. Either identify and stop that program, or start the server with a different port.
Address already in use
Port 8888 is in use by another program. Either identify and stop that program, or start the server with a different port.
Address already in use
Port 8888 is in use by another program. Either identify and stop that program, or start the server with a different port.
Address already in use
Port 8888 is in use by another program. Either identify and stop that program, or start the server with a different port.
Address already in use
Port 8888 is in use by another program. Either identify and stop that program, or start the server with a different port.
Address already in use
Port 8888 is in use by another program. Either identify and stop that program, or start the server with a different port.
Address already in use
Port 8888 is in use by another program. Either identify and stop that program, or start the server with a different port.
Address already in use
Port 8888 is in use by another program. Either identify and stop that program, or start the server with a different port.
Address already in use
Port 8888 is in use by another program. Either identify and stop that program, or start the server with a different port.
Address already in use
Port 8888 is in use by another program. Either identify and stop that program, or start the server with a different port.
Address already in use
Port 8888 is in use by another program. Either identify and stop that program, or start the server with a different port.
Address already in use
Port 8888 is in use by another program. Either identify and stop that program, or start the server with a different port.
Address already in use
Port 8888 is in use by another program. Either identify and stop that program, or start the server with a different port.
Address already in use
Port 8888 is in use by another program. Either identify and stop that program, or start the server with a different port.
Address already in use
Port 8888 is in use by another program. Either identify and stop that program, or start the server with a different port.
Address already in use
Port 8888 is in use by another program. Either identify and stop that program, or start the server with a different port.
Address already in use
Port 8888 is in use by another program. Either identify and stop that program, or start the server with a different port.
Address already in use
Port 8888 is in use by another program. Either identify and stop that program, or start the server with a different port.
Address already in use
Port 8888 is in use by another program. Either identify and stop that program, or start the server with a different port.
Address already in use
Port 8888 is in use by another program. Either identify and stop that program, or start the server with a different port.
Address already in use
Port 8888 is in use by another program. Either identify and stop that program, or start the server with a different port.
Address already in use
Port 8888 is in use by another program. Either identify and stop that program, or start the server with a different port.
Address already in use
Port 8888 is in use by another program. Either identify and stop that program, or start the server with a different port.
Address already in use
Port 8888 is in use by another program. Either identify and stop that program, or start the server with a different port.
Address already in use
Port 8888 is in use by another program. Either identify and stop that program, or start the server with a different port.
Address already in use
Port 8888 is in use by another program. Either identify and stop that program, or start the server with a different port.
Address already in use
Port 8888 is in use by another program. Either identify and stop that program, or start the server with a different port.
Address already in use
Port 8888 is in use by another program. Either identify and stop that program, or start the server with a different port.
Address already in use
Port 8888 is in use by another program. Either identify and stop that program, or start the server with a different port.
Address already in use
Port 8888 is in use by another program. Either identify and stop that program, or start the server with a different port.
Address already in use
Port 8888 is in use by another program. Either identify and stop that program, or start the server with a different port.
Address already in use
Port 8888 is in use by another program. Either identify and stop that program, or start the server with a different port.
Address already in use
Port 8888 is in use by another program. Either identify and stop that program, or start the server with a different port.
Address already in use
Port 8888 is in use by another program. Either identify and stop that program, or start the server with a different port.
Address already in use
Port 8888 is in use by another program. Either identify and stop that program, or start the server with a different port.
Address already in use
Port 8888 is in use by another program. Either identify and stop that program, or start the server with a different port.
Address already in use
Port 8888 is in use by another program. Either identify and stop that program, or start the server with a different port.
Address already in use
Port 8888 is in use by another program. Either identify and stop that program, or start the server with a different port.
Address already in use
Port 8888 is in use by another program. Either identify and stop that program, or start the server with a different port.
Address already in use
Port 8888 is in use by another program. Either identify and stop that program, or start the server with a different port.
Address already in use
Port 8888 is in use by another program. Either identify and stop that program, or start the server with a different port.
Address already in use
Port 8888 is in use by another program. Either identify and stop that program, or start the server with a different port.
Address already in use
Port 8888 is in use by another program. Either identify and stop that program, or start the server with a different port.
Address already in use
Port 8888 is in use by another program. Either identify and stop that program, or start the server with a different port.
Address already in use
Port 8888 is in use by another program. Either identify and stop that program, or start the server with a different port.
Address already in use
Port 8888 is in use by another program. Either identify and stop that program, or start the server with a different port.
Address already in use
Port 8888 is in use by another program. Either identify and stop that program, or start the server with a different port.
Address already in use
Port 8888 is in use by another program. Either identify and stop that program, or start the server with a different port.
Address already in use
Port 8888 is in use by another program. Either identify and stop that program, or start the server with a different port.
Address already in use
Port 8888 is in use by another program. Either identify and stop that program, or start the server with a different port.
Address already in use
Port 8888 is in use by another program. Either identify and stop that program, or start the server with a different port.
Address already in use
Port 8888 is in use by another program. Either identify and stop that program, or start the server with a different port.
Address already in use
Port 8888 is in use by another program. Either identify and stop that program, or start the server with a different port.
Address already in use
Port 8888 is in use by another program. Either identify and stop that program, or start the server with a different port.
Address already in use
Port 8888 is in use by another program. Either identify and stop that program, or start the server with a different port.
Address already in use
Port 8888 is in use by another program. Either identify and stop that program, or start the server with a different port.
Address already in use
Port 8888 is in use by another program. Either identify and stop that program, or start the server with a different port.
Address already in use
Port 8888 is in use by another program. Either identify and stop that program, or start the server with a different port.
Address already in use
Port 8888 is in use by another program. Either identify and stop that program, or start the server with a different port.
Address already in use
Port 8888 is in use by another program. Either identify and stop that program, or start the server with a different port.
Address already in use
Port 8888 is in use by another program. Either identify and stop that program, or start the server with a different port.
Address already in use
Port 8888 is in use by another program. Either identify and stop that program, or start the server with a different port.
Address already in use
Port 8888 is in use by another program. Either identify and stop that program, or start the server with a different port.
Address already in use
Port 8888 is in use by another program. Either identify and stop that program, or start the server with a different port.
Address already in use
Port 8888 is in use by another program. Either identify and stop that program, or start the server with a different port.
Address already in use
Port 8888 is in use by another program. Either identify and stop that program, or start the server with a different port.
Address already in use
Port 8888 is in use by another program. Either identify and stop that program, or start the server with a different port.
Address already in use
Port 8888 is in use by another program. Either identify and stop that program, or start the server with a different port.
Address already in use
Port 8888 is in use by another program. Either identify and stop that program, or start the server with a different port.
Address already in use
Port 8888 is in use by another program. Either identify and stop that program, or start the server with a different port.
Address already in use
Port 8888 is in use by another program. Either identify and stop that program, or start the server with a different port.
Address already in use
Port 8888 is in use by another program. Either identify and stop that program, or start the server with a different port.
Address already in use
Port 8888 is in use by another program. Either identify and stop that program, or start the server with a different port.
Address already in use
Port 8888 is in use by another program. Either identify and stop that program, or start the server with a different port.
Address already in use
Port 8888 is in use by another program. Either identify and stop that program, or start the server with a different port.
Address already in use
Port 8888 is in use by another program. Either identify and stop that program, or start the server with a different port.
Address already in use
Port 8888 is in use by another program. Either identify and stop that program, or start the server with a different port.
Address already in use
Port 8888 is in use by another program. Either identify and stop that program, or start the server with a different port.
Address already in use
Port 8888 is in use by another program. Either identify and stop that program, or start the server with a different port.
Address already in use
Port 8888 is in use by another program. Either identify and stop that program, or start the server with a different port.
Address already in use
Port 8888 is in use by another program. Either identify and stop that program, or start the server with a different port.
Address already in use
Port 8888 is in use by another program. Either identify and stop that program, or start the server with a different port.
Address already in use
Port 8888 is in use by another program. Either identify and stop that program, or start the server with a different port.
Address already in use
Port 8888 is in use by another program. Either identify and stop that program, or start the server with a different port.
Address already in use
Port 8888 is in use by another program. Either identify and stop that program, or start the server with a different port.
Address already in use
Port 8888 is in use by another program. Either identify and stop that program, or start the server with a different port.
Address already in use
Port 8888 is in use by another program. Either identify and stop that program, or start the server with a different port.
Address already in use
Port 8888 is in use by another program. Either identify and stop that program, or start the server with a different port.
Address already in use
Port 8888 is in use by another program. Either identify and stop that program, or start the server with a different port.
Address already in use
Port 8888 is in use by another program. Either identify and stop that program, or start the server with a different port.
Address already in use
Port 8888 is in use by another program. Either identify and stop that program, or start the server with a different port.
Address already in use
Port 8888 is in use by another program. Either identify and stop that program, or start the server with a different port.
Address already in use
Port 8888 is in use by another program. Either identify and stop that program, or start the server with a different port.
Address already in use
Port 8888 is in use by another program. Either identify and stop that program, or start the server with a different port.
Address already in use
Port 8888 is in use by another program. Either identify and stop that program, or start the server with a different port.
Address already in use
Port 8888 is in use by another program. Either identify and stop that program, or start the server with a different port.
Address already in use
Port 8888 is in use by another program. Either identify and stop that program, or start the server with a different port.
Address already in use
Port 8888 is in use by another program. Either identify and stop that program, or start the server with a different port.
Address already in use
Port 8888 is in use by another program. Either identify and stop that program, or start the server with a different port.
Address already in use
Port 8888 is in use by another program. Either identify and stop that program, or start the server with a different port.
Address already in use
Port 8888 is in use by another program. Either identify and stop that program, or start the server with a different port.
Address already in use
Port 8888 is in use by another program. Either identify and stop that program, or start the server with a different port.
Address already in use
Port 8888 is in use by another program. Either identify and stop that program, or start the server with a different port.
Address already in use
Port 8888 is in use by another program. Either identify and stop that program, or start the server with a different port.
Address already in use
Port 8888 is in use by another program. Either identify and stop that program, or start the server with a different port.
Address already in use
Port 8888 is in use by another program. Either identify and stop that program, or start the server with a different port.
Address already in use
Port 8888 is in use by another program. Either identify and stop that program, or start the server with a different port.
Address already in use
Port 8888 is in use by another program. Either identify and stop that program, or start the server with a different port.
Address already in use
Port 8888 is in use by another program. Either identify and stop that program, or start the server with a different port.
Address already in use
Port 8888 is in use by another program. Either identify and stop that program, or start the server with a different port.
Address already in use
Port 8888 is in use by another program. Either identify and stop that program, or start the server with a different port.
Address already in use
Port 8888 is in use by another program. Either identify and stop that program, or start the server with a different port.
Address already in use
Port 8888 is in use by another program. Either identify and stop that program, or start the server with a different port.
Address already in use
Port 8888 is in use by another program. Either identify and stop that program, or start the server with a different port.
[31m[1mWARNING: This is a development server. Do not use it in a production deployment. Use a production WSGI server instead.[0m
 * Running on all addresses (0.0.0.0)
 * Running on http://127.0.0.1:8888
 * Running on http://192.168.1.195:8888
[33mPress CTRL+C to quit[0m
 * Restarting with stat
 * Debugger is active!
 * Debugger PIN: 421-002-948
/opt/homebrew/Cellar/python@3.14/3.14.0/Frameworks/Python.framework/Versions/3.14/lib/python3.14/multiprocessing/resource_tracker.py:297: UserWarning: resource_tracker: There appear to be 1 leaked semaphore objects to clean up at shutdown: {'/mp-4aiy0cg0'}
  warnings.warn(
/opt/homebrew/Cellar/python@3.14/3.14.0/Frameworks/Python.framework/Versions/3.14/lib/python3.14/multiprocessing/resource_tracker.py:297: UserWarning: resource_tracker: There appear to be 1 leaked semaphore objects to clean up at shutdown: {'/mp-hu3v7fus'}
  warnings.warn(
[31m[1mWARNING: This is a development server. Do not use it in a production deployment. Use a production WSGI server instead.[0m
 * Running on all addresses (0.0.0.0)
 * Running on http://127.0.0.1:8888
 * Running on http://192.168.1.195:8888
[33mPress CTRL+C to quit[0m
 * Restarting with stat
 * Debugger is active!
 * Debugger PIN: 421-002-948
/opt/homebrew/Cellar/python@3.14/3.14.0/Frameworks/Python.framework/Versions/3.14/lib/python3.14/multiprocessing/resource_tracker.py:297: UserWarning: resource_tracker: There appear to be 1 leaked semaphore objects to clean up at shutdown: {'/mp-nnrzzpww'}
  warnings.warn(
/opt/homebrew/Cellar/python@3.14/3.14.0/Frameworks/Python.framework/Versions/3.14/lib/python3.14/multiprocessing/resource_tracker.py:297: UserWarning: resource_tracker: There appear to be 1 leaked semaphore objects to clean up at shutdown: {'/mp-099w_ab6'}
  warnings.warn(
Address already in use
Port 8888 is in use by another program. Either identify and stop that program, or start the server with a different port.
Address already in use
Port 8888 is in use by another program. Either identify and stop that program, or start the server with a different port.
Address already in use
Port 8888 is in use by another program. Either identify and stop that program, or start the server with a different port.
Address already in use
Port 8888 is in use by another program. Either identify and stop that program, or start the server with a different port.
Address already in use
Port 8888 is in use by another program. Either identify and stop that program, or start the server with a different port.
Address already in use
Port 8888 is in use by another program. Either identify and stop that program, or start the server with a different port.
Address already in use
Port 8888 is in use by another program. Either identify and stop that program, or start the server with a different port.
Address already in use
Port 8888 is in use by another program. Either identify and stop that program, or start the server with a different port.
Address already in use
Port 8888 is in use by another program. Either identify and stop that program, or start the server with a different port.
Address already in use
Port 8888 is in use by another program. Either identify and stop that program, or start the server with a different port.
Address already in use
Port 8888 is in use by another program. Either identify and stop that program, or start the server with a different port.
Address already in use
Port 8888 is in use by another program. Either identify and stop that program, or start the server with a different port.
Address already in use
Port 8888 is in use by another program. Either identify and stop that program, or start the server with a different port.
Address already in use
Port 8888 is in use by another program. Either identify and stop that program, or start the server with a different port.
Address already in use
Port 8888 is in use by another program. Either identify and stop that program, or start the server with a different port.
Address already in use
Port 8888 is in use by another program. Either identify and stop that program, or start the server with a different port.
Address already in use
Port 8888 is in use by another program. Either identify and stop that program, or start the server with a different port.
Address already in use
Port 8888 is in use by another program. Either identify and stop that program, or start the server with a different port.
Address already in use
Port 8888 is in use by another program. Either identify and stop that program, or start the server with a different port.
Address already in use
Port 8888 is in use by another program. Either identify and stop that program, or start the server with a different port.
Address already in use
Port 8888 is in use by another program. Either identify and stop that program, or start the server with a different port.
Address already in use
Port 8888 is in use by another program. Either identify and stop that program, or start the server with a different port.
Address already in use
Port 8888 is in use by another program. Either identify and stop that program, or start the server with a different port.
Address already in use
Port 8888 is in use by another program. Either identify and stop that program, or start the server with a different port.
Address already in use
Port 8888 is in use by another program. Either identify and stop that program, or start the server with a different port.
Address already in use
Port 8888 is in use by another program. Either identify and stop that program, or start the server with a different port.
Address already in use
Port 8888 is in use by another program. Either identify and stop that program, or start the server with a different port.
Address already in use
Port 8888 is in use by another program. Either identify and stop that program, or start the server with a different port.
Address already in use
Port 8888 is in use by another program. Either identify and stop that program, or start the server with a different port.
Address already in use
Port 8888 is in use by another program. Either identify and stop that program, or start the server with a different port.
Address already in use
Port 8888 is in use by another program. Either identify and stop that program, or start the server with a different port.
Address already in use
Port 8888 is in use by another program. Either identify and stop that program, or start the server with a different port.
Address already in use
Port 8888 is in use by another program. Either identify and stop that program, or start the server with a different port.
Address already in use
Port 8888 is in use by another program. Either identify and stop that program, or start the server with a different port.
Address already in use
Port 8888 is in use by another program. Either identify and stop that program, or start the server with a different port.
Address already in use
Port 8888 is in use by another program. Either identify and stop that program, or start the server with a different port.
Address already in use
Port 8888 is in use by another program. Either identify and stop that program, or start the server with a different port.
Address already in use
Port 8888 is in use by another program. Either identify and stop that program, or start the server with a different port.
Address already in use
Port 8888 is in use by another program. Either identify and stop that program, or start the server with a different port.
Address already in use
Port 8888 is in use by another program. Either identify and stop that program, or start the server with a different port.
Address already in use
Port 8888 is in use by another program. Either identify and stop that program, or start the server with a different port.
Address already in use
Port 8888 is in use by another program. Either identify and stop that program, or start the server with a different port.
Address already in use
Port 8888 is in use by another program. Either identify and stop that program, or start the server with a different port.
Address already in use
Port 8888 is in use by another program. Either identify and stop that program, or start the server with a different port.
Address already in use
Port 8888 is in use by another program. Either identify and stop that program, or start the server with a different port.
Address already in use
Port 8888 is in use by another program. Either identify and stop that program, or start the server with a different port.
Address already in use
Port 8888 is in use by another program. Either identify and stop that program, or start the server with a different port.
Address already in use
Port 8888 is in use by another program. Either identify and stop that program, or start the server with a different port.
Address already in use
Port 8888 is in use by another program. Either identify and stop that program, or start the server with a different port.
Address already in use
Port 8888 is in use by another program. Either identify and stop that program, or start the server with a different port.
Address already in use
Port 8888 is in use by another program. Either identify and stop that program, or start the server with a different port.
Address already in use
Port 8888 is in use by another program. Either identify and stop that program, or start the server with a different port.
Address already in use
Port 8888 is in use by another program. Either identify and stop that program, or start the server with a different port.
Address already in use
Port 8888 is in use by another program. Either identify and stop that program, or start the server with a different port.
Address already in use
Port 8888 is in use by another program. Either identify and stop that program, or start the server with a different port.
Address already in use
Port 8888 is in use by another program. Either identify and stop that program, or start the server with a different port.
Address already in use
Port 8888 is in use by another program. Either identify and stop that program, or start the server with a different port.
Address already in use
Port 8888 is in use by another program. Either identify and stop that program, or start the server with a different port.
Address already in use
Port 8888 is in use by another program. Either identify and stop that program, or start the server with a different port.
Address already in use
Port 8888 is in use by another program. Either identify and stop that program, or start the server with a different port.
Address already in use
Port 8888 is in use by another program. Either identify and stop that program, or start the server with a different port.
Address already in use
Port 8888 is in use by another program. Either identify and stop that program, or start the server with a different port.
Address already in use
Port 8888 is in use by another program. Either identify and stop that program, or start the server with a different port.
Address already in use
Port 8888 is in use by another program. Either identify and stop that program, or start the server with a different port.
Address already in use
Port 8888 is in use by another program. Either identify and stop that program, or start the server with a different port.
Address already in use
Port 8888 is in use by another program. Either identify and stop that program, or start the server with a different port.
Address already in use
Port 8888 is in use by another program. Either identify and stop that program, or start the server with a different port.
Address already in use
Port 8888 is in use by another program. Either identify and stop that program, or start the server with a different port.
Address already in use
Port 8888 is in use by another program. Either identify and stop that program, or start the server with a different port.
Address already in use
Port 8888 is in use by another program. Either identify and stop that program, or start the server with a different port.
Address already in use
Port 8888 is in use by another program. Either identify and stop that program, or start the server with a different port.
Address already in use
Port 8888 is in use by another program. Either identify and stop that program, or start the server with a different port.
Address already in use
Port 8888 is in use by another program. Either identify and stop that program, or start the server with a different port.
Address already in use
Port 8888 is in use by another program. Either identify and stop that program, or start the server with a different port.
Address already in use
Port 8888 is in use by another program. Either identify and stop that program, or start the server with a different port.
Address already in use
Port 8888 is in use by another program. Either identify and stop that program, or start the server with a different port.
Address already in use
Port 8888 is in use by another program. Either identify and stop that program, or start the server with a different port.
Address already in use
Port 8888 is in use by another program. Either identify and stop that program, or start the server with a different port.
Address already in use
Port 8888 is in use by another program. Either identify and stop that program, or start the server with a different port.
Address already in use
Port 8888 is in use by another program. Either identify and stop that program, or start the server with a different port.
Address already in use
Port 8888 is in use by another program. Either identify and stop that program, or start the server with a different port.
Address already in use
Port 8888 is in use by another program. Either identify and stop that program, or start the server with a different port.
Address already in use
Port 8888 is in use by another program. Either identify and stop that program, or start the server with a different port.
Address already in use
Port 8888 is in use by another program. Either identify and stop that program, or start the server with a different port.
Address already in use
Port 8888 is in use by another program. Either identify and stop that program, or start the server with a different port.
Address already in use
Port 8888 is in use by another program. Either identify and stop that program, or start the server with a different port.
Address already in use
Port 8888 is in use by another program. Either identify and stop that program, or start the server with a different port.
Address already in use
Port 8888 is in use by another program. Either identify and stop that program, or start the server with a different port.
Address already in use
Port 8888 is in use by another program. Either identify and stop that program, or start the server with a different port.
Address already in use
Port 8888 is in use by another program. Either identify and stop that program, or start the server with a different port.
Address already in use
Port 8888 is in use by another program. Either identify and stop that program, or start the server with a different port.
Address already in use
Port 8888 is in use by another program. Either identify and stop that program, or start the server with a different port.
Address already in use
Port 8888 is in use by another program. Either identify and stop that program, or start the server with a different port.
Address already in use
Port 8888 is in use by another program. Either identify and stop that program, or start the server with a different port.
Address already in use
Port 8888 is in use by another program. Either identify and stop that program, or start the server with a different port.
Address already in use
Port 8888 is in use by another program. Either identify and stop that program, or start the server with a different port.
Address already in use
Port 8888 is in use by another program. Either identify and stop that program, or start the server with a different port.
Address already in use
Port 8888 is in use by another program. Either identify and stop that program, or start the server with a different port.
Address already in use
Port 8888 is in use by another program. Either identify and stop that program, or start the server with a different port.
Address already in use
Port 8888 is in use by another program. Either identify and stop that program, or start the server with a different port.
Address already in use
Port 8888 is in use by another program. Either identify and stop that program, or start the server with a different port.
Address already in use
Port 8888 is in use by another program. Either identify and stop that program, or start the server with a different port.
Address already in use
Port 8888 is in use by another program. Either identify and stop that program, or start the server with a different port.
Address already in use
Port 8888 is in use by another program. Either identify and stop that program, or start the server with a different port.
Address already in use
Port 8888 is in use by another program. Either identify and stop that program, or start the server with a different port.
Address already in use
Port 8888 is in use by another program. Either identify and stop that program, or start the server with a different port.
Address already in use
Port 8888 is in use by another program. Either identify and stop that program, or start the server with a different port.
Address already in use
Port 8888 is in use by another program. Either identify and stop that program, or start the server with a different port.
Address already in use
Port 8888 is in use by another program. Either identify and stop that program, or start the server with a different port.
Address already in use
Port 8888 is in use by another program. Either identify and stop that program, or start the server with a different port.
Address already in use
Port 8888 is in use by another program. Either identify and stop that program, or start the server with a different port.
Address already in use
Port 8888 is in use by another program. Either identify and stop that program, or start the server with a different port.
Address already in use
Port 8888 is in use by another program. Either identify and stop that program, or start the server with a different port.
Address already in use
Port 8888 is in use by another program. Either identify and stop that program, or start the server with a different port.
Address already in use
Port 8888 is in use by another program. Either identify and stop that program, or start the server with a different port.
Address already in use
Port 8888 is in use by another program. Either identify and stop that program, or start the server with a different port.
Address already in use
Port 8888 is in use by another program. Either identify and stop that program, or start the server with a different port.
Address already in use
Port 8888 is in use by another program. Either identify and stop that program, or start the server with a different port.
Address already in use
Port 8888 is in use by another program. Either identify and stop that program, or start the server with a different port.
Address already in use
Port 8888 is in use by another program. Either identify and stop that program, or start the server with a different port.
Address already in use
Port 8888 is in use by another program. Either identify and stop that program, or start the server with a different port.
Address already in use
Port 8888 is in use by another program. Either identify and stop that program, or start the server with a different port.
Address already in use
Port 8888 is in use by another program. Either identify and stop that program, or start the server with a different port.
Address already in use
Port 8888 is in use by another program. Either identify and stop that program, or start the server with a different port.
Address already in use
Port 8888 is in use by another program. Either identify and stop that program, or start the server with a different port.
Address already in use
Port 8888 is in use by another program. Either identify and stop that program, or start the server with a different port.
Address already in use
Port 8888 is in use by another program. Either identify and stop that program, or start the server with a different port.
Address already in use
Port 8888 is in use by another program. Either identify and stop that program, or start the server with a different port.
Address already in use
Port 8888 is in use by another program. Either identify and stop that program, or start the server with a different port.
Address already in use
Port 8888 is in use by another program. Either identify and stop that program, or start the server with a different port.
Address already in use
Port 8888 is in use by another program. Either identify and stop that program, or start the server with a different port.
Address already in use
Port 8888 is in use by another program. Either identify and stop that program, or start the server with a different port.
Address already in use
Port 8888 is in use by another program. Either identify and stop that program, or start the server with a different port.
Address already in use
Port 8888 is in use by another program. Either identify and stop that program, or start the server with a different port.
Address already in use
Port 8888 is in use by another program. Either identify and stop that program, or start the server with a different port.
Address already in use
Port 8888 is in use by another program. Either identify and stop that program, or start the server with a different port.
Address already in use
Port 8888 is in use by another program. Either identify and stop that program, or start the server with a different port.
Address already in use
Port 8888 is in use by another program. Either identify and stop that program, or start the server with a different port.
Address already in use
Port 8888 is in use by another program. Either identify and stop that program, or start the server with a different port.
Address already in use
Port 8888 is in use by another program. Either identify and stop that program, or start the server with a different port.
Address already in use
Port 8888 is in use by another program. Either identify and stop that program, or start the server with a different port.
Address already in use
Port 8888 is in use by another program. Either identify and stop that program, or start the server with a different port.
Address already in use
Port 8888 is in use by another program. Either identify and stop that program, or start the server with a different port.
Address already in use
Port 8888 is in use by another program. Either identify and stop that program, or start the server with a different port.
Address already in use
Port 8888 is in use by another program. Either identify and stop that program, or start the server with a different port.
Address already in use
Port 8888 is in use by another program. Either identify and stop that program, or start the server with a different port.
Address already in use
Port 8888 is in use by another program. Either identify and stop that program, or start the server with a different port.
Address already in use
Port 8888 is in use by another program. Either identify and stop that program, or start the server with a different port.
Address already in use
Port 8888 is in use by another program. Either identify and stop that program, or start the server with a different port.
Address already in use
Port 8888 is in use by another program. Either identify and stop that program, or start the server with a different port.
Address already in use
Port 8888 is in use by another program. Either identify and stop that program, or start the server with a different port.
Address already in use
Port 8888 is in use by another program. Either identify and stop that program, or start the server with a different port.
Address already in use
Port 8888 is in use by another program. Either identify and stop that program, or start the server with a different port.
Address already in use
Port 8888 is in use by another program. Either identify and stop that program, or start the server with a different port.
Address already in use
Port 8888 is in use by another program. Either identify and stop that program, or start the server with a different port.
Address already in use
Port 8888 is in use by another program. Either identify and stop that program, or start the server with a different port.
Address already in use
Port 8888 is in use by another program. Either identify and stop that program, or start the server with a different port.
Address already in use
Port 8888 is in use by another program. Either identify and stop that program, or start the server with a different port.
Address already in use
Port 8888 is in use by another program. Either identify and stop that program, or start the server with a different port.
Address already in use
Port 8888 is in use by another program. Either identify and stop that program, or start the server with a different port.
Address already in use
Port 8888 is in use by another program. Either identify and stop that program, or start the server with a different port.
Address already in use
Port 8888 is in use by another program. Either identify and stop that program, or start the server with a different port.
Address already in use
Port 8888 is in use by another program. Either identify and stop that program, or start the server with a different port.
Address already in use
Port 8888 is in use by another program. Either identify and stop that program, or start the server with a different port.
Address already in use
Port 8888 is in use by another program. Either identify and stop that program, or start the server with a different port.
Address already in use
Port 8888 is in use by another program. Either identify and stop that program, or start the server with a different port.
Address already in use
Port 8888 is in use by another program. Either identify and stop that program, or start the server with a different port.
Address already in use
Port 8888 is in use by another program. Either identify and stop that program, or start the server with a different port.
Address already in use
Port 8888 is in use by another program. Either identify and stop that program, or start the server with a different port.
Address already in use
Port 8888 is in use by another program. Either identify and stop that program, or start the server with a different port.
Address already in use
Port 8888 is in use by another program. Either identify and stop that program, or start the server with a different port.
Address already in use
Port 8888 is in use by another program. Either identify and stop that program, or start the server with a different port.
Address already in use
Port 8888 is in use by another program. Either identify and stop that program, or start the server with a different port.
Address already in use
Port 8888 is in use by another program. Either identify and stop that program, or start the server with a different port.
Address already in use
Port 8888 is in use by another program. Either identify and stop that program, or start the server with a different port.
Address already in use
Port 8888 is in use by another program. Either identify and stop that program, or start the server with a different port.
Address already in use
Port 8888 is in use by another program. Either identify and stop that program, or start the server with a different port.
Address already in use
Port 8888 is in use by another program. Either identify and stop that program, or start the server with a different port.
[31m[1mWARNING: This is a development server. Do not use it in a production deployment. Use a production WSGI server instead.[0m
 * Running on all addresses (0.0.0.0)
 * Running on http://127.0.0.1:8888
 * Running on http://192.168.1.195:8888
[33mPress CTRL+C to quit[0m
 * Restarting with stat
 * Debugger is active!
 * Debugger PIN: 421-002-948
 * Detected change in '/Users/mmitkees/Library/CloudStorage/OneDrive-OracleCorporation/SalesAPP/models.py', reloading
 * Restarting with stat
 * Debugger is active!
 * Debugger PIN: 421-002-948
 * Detected change in '/Users/mmitkees/Library/CloudStorage/OneDrive-OracleCorporation/SalesAPP/app.py', reloading
 * Restarting with stat
 * Debugger is active!
 * Debugger PIN: 421-002-948
/opt/homebrew/Cellar/python@3.14/3.14.0/Frameworks/Python.framework/Versions/3.14/lib/python3.14/multiprocessing/resource_tracker.py:297: UserWarning: resource_tracker: There appear to be 1 leaked semaphore objects to clean up at shutdown: {'/mp-2pma1fs0'}
  warnings.warn(
/opt/homebrew/Cellar/python@3.14/3.14.0/Frameworks/Python.framework/Versions/3.14/lib/python3.14/multiprocessing/resource_tracker.py:297: UserWarning: resource_tracker: There appear to be 1 leaked semaphore objects to clean up at shutdown: {'/mp-50rhd5hh'}
  warnings.warn(
[31m[1mWARNING: This is a development server. Do not use it in a production deployment. Use a production WSGI server instead.[0m
 * Running on all addresses (0.0.0.0)
 * Running on http://127.0.0.1:8888
 * Running on http://192.168.1.195:8888
[33mPress CTRL+C to quit[0m
 * Restarting with stat
 * Debugger is active!
 * Debugger PIN: 421-002-948
/opt/homebrew/Cellar/python@3.14/3.14.0/Frameworks/Python.framework/Versions/3.14/lib/python3.14/multiprocessing/resource_tracker.py:297: UserWarning: resource_tracker: There appear to be 1 leaked semaphore objects to clean up at shutdown: {'/mp-7v9ftm97'}
  warnings.warn(
/opt/homebrew/Cellar/python@3.14/3.14.0/Frameworks/Python.framework/Versions/3.14/lib/python3.14/multiprocessing/resource_tracker.py:297: UserWarning: resource_tracker: There appear to be 1 leaked semaphore objects to clean up at shutdown: {'/mp-6vxrmmrk'}
  warnings.warn(
[31m[1mWARNING: This is a development server. Do not use it in a production deployment. Use a production WSGI server instead.[0m
 * Running on all addresses (0.0.0.0)
 * Running on http://127.0.0.1:8888
 * Running on http://192.168.1.195:8888
[33mPress CTRL+C to quit[0m
 * Restarting with stat
 * Debugger is active!
 * Debugger PIN: 421-002-948
/opt/homebrew/Cellar/python@3.14/3.14.0/Frameworks/Python.framework/Versions/3.14/lib/python3.14/multiprocessing/resource_tracker.py:297: UserWarning: resource_tracker: There appear to be 1 leaked semaphore objects to clean up at shutdown: {'/mp-usonbc6e'}
  warnings.warn(
/opt/homebrew/Cellar/python@3.14/3.14.0/Frameworks/Python.framework/Versions/3.14/lib/python3.14/multiprocessing/resource_tracker.py:297: UserWarning: resource_tracker: There appear to be 1 leaked semaphore objects to clean up at shutdown: {'/mp-lr1c8fgh'}
  warnings.warn(
[31m[1mWARNING: This is a development server. Do not use it in a production deployment. Use a production WSGI server instead.[0m
 * Running on all addresses (0.0.0.0)
 * Running on http://127.0.0.1:8888
 * Running on http://192.168.1.195:8888
[33mPress CTRL+C to quit[0m
 * Restarting with stat
 * Debugger is active!
 * Debugger PIN: 421-002-948
/opt/homebrew/Cellar/python@3.14/3.14.0/Frameworks/Python.framework/Versions/3.14/lib/python3.14/multiprocessing/resource_tracker.py:297: UserWarning: resource_tracker: There appear to be 1 leaked semaphore objects to clean up at shutdown: {'/mp-8dsvdzb3'}
  warnings.warn(
/opt/homebrew/Cellar/python@3.14/3.14.0/Frameworks/Python.framework/Versions/3.14/lib/python3.14/multiprocessing/resource_tracker.py:297: UserWarning: resource_tracker: There appear to be 1 leaked semaphore objects to clean up at shutdown: {'/mp-0bih5_6j'}
  warnings.warn(
[31m[1mWARNING: This is a development server. Do not use it in a production deployment. Use a production WSGI server instead.[0m
 * Running on all addresses (0.0.0.0)
 * Running on http://127.0.0.1:8888
 * Running on http://192.168.1.195:8888
[33mPress CTRL+C to quit[0m
 * Restarting with stat
 * Debugger is active!
 * Debugger PIN: 421-002-948
/opt/homebrew/Cellar/python@3.14/3.14.0/Frameworks/Python.framework/Versions/3.14/lib/python3.14/multiprocessing/resource_tracker.py:297: UserWarning: resource_tracker: There appear to be 1 leaked semaphore objects to clean up at shutdown: {'/mp-arijz16w'}
  warnings.warn(
/opt/homebrew/Cellar/python@3.14/3.14.0/Frameworks/Python.framework/Versions/3.14/lib/python3.14/multiprocessing/resource_tracker.py:297: UserWarning: resource_tracker: There appear to be 1 leaked semaphore objects to clean up at shutdown: {'/mp-igpd4qqi'}
  warnings.warn(
Address already in use
Port 8888 is in use by another program. Either identify and stop that program, or start the server with a different port.
Address already in use
Port 8888 is in use by another program. Either identify and stop that program, or start the server with a different port.
Address already in use
Port 8888 is in use by another program. Either identify and stop that program, or start the server with a different port.
Address already in use
Port 8888 is in use by another program. Either identify and stop that program, or start the server with a different port.
Address already in use
Port 8888 is in use by another program. Either identify and stop that program, or start the server with a different port.
Address already in use
Port 8888 is in use by another program. Either identify and stop that program, or start the server with a different port.
Address already in use
Port 8888 is in use by another program. Either identify and stop that program, or start the server with a different port.
Address already in use
Port 8888 is in use by another program. Either identify and stop that program, or start the server with a different port.
Address already in use
Port 8888 is in use by another program. Either identify and stop that program, or start the server with a different port.
Address already in use
Port 8888 is in use by another program. Either identify and stop that program, or start the server with a different port.
Address already in use
Port 8888 is in use by another program. Either identify and stop that program, or start the server with a different port.
Address already in use
Port 8888 is in use by another program. Either identify and stop that program, or start the server with a different port.
Address already in use
Port 8888 is in use by another program. Either identify and stop that program, or start the server with a different port.
Address already in use
Port 8888 is in use by another program. Either identify and stop that program, or start the server with a different port.
Address already in use
Port 8888 is in use by another program. Either identify and stop that program, or start the server with a different port.
Address already in use
Port 8888 is in use by another program. Either identify and stop that program, or start the server with a different port.
Address already in use
Port 8888 is in use by another program. Either identify and stop that program, or start the server with a different port.
Address already in use
Port 8888 is in use by another program. Either identify and stop that program, or start the server with a different port.
Address already in use
Port 8888 is in use by another program. Either identify and stop that program, or start the server with a different port.
Address already in use
Port 8888 is in use by another program. Either identify and stop that program, or start the server with a different port.
Address already in use
Port 8888 is in use by another program. Either identify and stop that program, or start the server with a different port.
Address already in use
Port 8888 is in use by another program. Either identify and stop that program, or start the server with a different port.
Address already in use
Port 8888 is in use by another program. Either identify and stop that program, or start the server with a different port.
Address already in use
Port 8888 is in use by another program. Either identify and stop that program, or start the server with a different port.
Address already in use
Port 8888 is in use by another program. Either identify and stop that program, or start the server with a different port.
Address already in use
Port 8888 is in use by another program. Either identify and stop that program, or start the server with a different port.
Address already in use
Port 8888 is in use by another program. Either identify and stop that program, or start the server with a different port.
Address already in use
Port 8888 is in use by another program. Either identify and stop that program, or start the server with a different port.
Address already in use
Port 8888 is in use by another program. Either identify and stop that program, or start the server with a different port.
Address already in use
Port 8888 is in use by another program. Either identify and stop that program, or start the server with a different port.
Address already in use
Port 8888 is in use by another program. Either identify and stop that program, or start the server with a different port.
Address already in use
Port 8888 is in use by another program. Either identify and stop that program, or start the server with a different port.
Address already in use
Port 8888 is in use by another program. Either identify and stop that program, or start the server with a different port.
Address already in use
Port 8888 is in use by another program. Either identify and stop that program, or start the server with a different port.
Address already in use
Port 8888 is in use by another program. Either identify and stop that program, or start the server with a different port.
Address already in use
Port 8888 is in use by another program. Either identify and stop that program, or start the server with a different port.
Address already in use
Port 8888 is in use by another program. Either identify and stop that program, or start the server with a different port.
Address already in use
Port 8888 is in use by another program. Either identify and stop that program, or start the server with a different port.
Address already in use
Port 8888 is in use by another program. Either identify and stop that program, or start the server with a different port.
Address already in use
Port 8888 is in use by another program. Either identify and stop that program, or start the server with a different port.
Address already in use
Port 8888 is in use by another program. Either identify and stop that program, or start the server with a different port.
Address already in use
Port 8888 is in use by another program. Either identify and stop that program, or start the server with a different port.
Address already in use
Port 8888 is in use by another program. Either identify and stop that program, or start the server with a different port.
Address already in use
Port 8888 is in use by another program. Either identify and stop that program, or start the server with a different port.
Address already in use
Port 8888 is in use by another program. Either identify and stop that program, or start the server with a different port.
Address already in use
Port 8888 is in use by another program. Either identify and stop that program, or start the server with a different port.
[31m[1mWARNING: This is a development server. Do not use it in a production deployment. Use a production WSGI server instead.[0m
 * Running on all addresses (0.0.0.0)
 * Running on http://127.0.0.1:8888
 * Running on http://192.168.3.152:8888
[33mPress CTRL+C to quit[0m
 * Restarting with stat
 * Debugger is active!
 * Debugger PIN: 421-002-948
 * Detected change in '/Users/mmitkees/Library/CloudStorage/OneDrive-OracleCorporation/SalesAPP/models.py', reloading
 * Restarting with stat
 * Debugger is active!
 * Debugger PIN: 421-002-948
 * Detected change in '/Users/mmitkees/Library/CloudStorage/OneDrive-OracleCorporation/SalesAPP/app.py', reloading
 * Restarting with stat
 * Debugger is active!
 * Debugger PIN: 421-002-948
 * Detected change in '/Users/mmitkees/Library/CloudStorage/OneDrive-OracleCorporation/SalesAPP/app.py', reloading
 * Restarting with stat
 * Debugger is active!
 * Debugger PIN: 421-002-948
 * Detected change in '/Users/mmitkees/Library/CloudStorage/OneDrive-OracleCorporation/SalesAPP/app.py', reloading
 * Restarting with stat
 * Debugger is active!
 * Debugger PIN: 421-002-948
 * Detected change in '/Users/mmitkees/Library/CloudStorage/OneDrive-OracleCorporation/SalesAPP/app.py', reloading
 * Restarting with stat
 * Debugger is active!
 * Debugger PIN: 421-002-948
/opt/homebrew/Cellar/python@3.14/3.14.0/Frameworks/Python.framework/Versions/3.14/lib/python3.14/multiprocessing/resource_tracker.py:297: UserWarning: resource_tracker: There appear to be 1 leaked semaphore objects to clean up at shutdown: {'/mp-9zyiz5dw'}
  warnings.warn(
/opt/homebrew/Cellar/python@3.14/3.14.0/Frameworks/Python.framework/Versions/3.14/lib/python3.14/multiprocessing/resource_tracker.py:297: UserWarning: resource_tracker: There appear to be 1 leaked semaphore objects to clean up at shutdown: {'/mp-wetdnlio'}
  warnings.warn(
[31m[1mWARNING: This is a development server. Do not use it in a production deployment. Use a production WSGI server instead.[0m
 * Running on all addresses (0.0.0.0)
 * Running on http://127.0.0.1:8888
 * Running on http://192.168.3.152:8888
[33mPress CTRL+C to quit[0m
 * Restarting with stat
 * Debugger is active!
 * Debugger PIN: 421-002-948
/opt/homebrew/Cellar/python@3.14/3.14.0/Frameworks/Python.framework/Versions/3.14/lib/python3.14/multiprocessing/resource_tracker.py:297: UserWarning: resource_tracker: There appear to be 1 leaked semaphore objects to clean up at shutdown: {'/mp-4__s9ze5'}
  warnings.warn(
/opt/homebrew/Cellar/python@3.14/3.14.0/Frameworks/Python.framework/Versions/3.14/lib/python3.14/multiprocessing/resource_tracker.py:297: UserWarning: resource_tracker: There appear to be 1 leaked semaphore objects to clean up at shutdown: {'/mp-zrfnefg8'}
  warnings.warn(
[31m[1mWARNING: This is a development server. Do not use it in a production deployment. Use a production WSGI server instead.[0m
 * Running on all addresses (0.0.0.0)
 * Running on http://127.0.0.1:8888
 * Running on http://192.168.3.152:8888
[33mPress CTRL+C to quit[0m
 * Restarting with stat
 * Debugger is active!
 * Debugger PIN: 421-002-948
/opt/homebrew/Cellar/python@3.14/3.14.0/Frameworks/Python.framework/Versions/3.14/lib/python3.14/multiprocessing/resource_tracker.py:297: UserWarning: resource_tracker: There appear to be 1 leaked semaphore objects to clean up at shutdown: {'/mp-bful2rjr'}
  warnings.warn(
/opt/homebrew/Cellar/python@3.14/3.14.0/Frameworks/Python.framework/Versions/3.14/lib/python3.14/multiprocessing/resource_tracker.py:297: UserWarning: resource_tracker: There appear to be 1 leaked semaphore objects to clean up at shutdown: {'/mp-y49vs05p'}
  warnings.warn(
Address already in use
Port 8888 is in use by another program. Either identify and stop that program, or start the server with a different port.
Address already in use
Port 8888 is in use by another program. Either identify and stop that program, or start the server with a different port.
Address already in use
Port 8888 is in use by another program. Either identify and stop that program, or start the server with a different port.
Address already in use
Port 8888 is in use by another program. Either identify and stop that program, or start the server with a different port.
Address already in use
Port 8888 is in use by another program. Either identify and stop that program, or start the server with a different port.
Address already in use
Port 8888 is in use by another program. Either identify and stop that program, or start the server with a different port.
Address already in use
Port 8888 is in use by another program. Either identify and stop that program, or start the server with a different port.
Address already in use
Port 8888 is in use by another program. Either identify and stop that program, or start the server with a different port.
Address already in use
Port 8888 is in use by another program. Either identify and stop that program, or start the server with a different port.
Address already in use
Port 8888 is in use by another program. Either identify and stop that program, or start the server with a different port.
Address already in use
Port 8888 is in use by another program. Either identify and stop that program, or start the server with a different port.
Address already in use
Port 8888 is in use by another program. Either identify and stop that program, or start the server with a different port.
Address already in use
Port 8888 is in use by another program. Either identify and stop that program, or start the server with a different port.
Address already in use
Port 8888 is in use by another program. Either identify and stop that program, or start the server with a different port.
Address already in use
Port 8888 is in use by another program. Either identify and stop that program, or start the server with a different port.
Address already in use
Port 8888 is in use by another program. Either identify and stop that program, or start the server with a different port.
Address already in use
Port 8888 is in use by another program. Either identify and stop that program, or start the server with a different port.
Address already in use
Port 8888 is in use by another program. Either identify and stop that program, or start the server with a different port.
Address already in use
Port 8888 is in use by another program. Either identify and stop that program, or start the server with a different port.
Address already in use
Port 8888 is in use by another program. Either identify and stop that program, or start the server with a different port.
Address already in use
Port 8888 is in use by another program. Either identify and stop that program, or start the server with a different port.
Address already in use
Port 8888 is in use by another program. Either identify and stop that program, or start the server with a different port.
Address already in use
Port 8888 is in use by another program. Either identify and stop that program, or start the server with a different port.
Address already in use
Port 8888 is in use by another program. Either identify and stop that program, or start the server with a different port.
Address already in use
Port 8888 is in use by another program. Either identify and stop that program, or start the server with a different port.
Address already in use
Port 8888 is in use by another program. Either identify and stop that program, or start the server with a different port.
Address already in use
Port 8888 is in use by another program. Either identify and stop that program, or start the server with a different port.
Address already in use
Port 8888 is in use by another program. Either identify and stop that program, or start the server with a different port.
Address already in use
Port 8888 is in use by another program. Either identify and stop that program, or start the server with a different port.
Address already in use
Port 8888 is in use by another program. Either identify and stop that program, or start the server with a different port.
Address already in use
Port 8888 is in use by another program. Either identify and stop that program, or start the server with a different port.
Address already in use
Port 8888 is in use by another program. Either identify and stop that program, or start the server with a different port.
Address already in use
Port 8888 is in use by another program. Either identify and stop that program, or start the server with a different port.
Address already in use
Port 8888 is in use by another program. Either identify and stop that program, or start the server with a different port.
Address already in use
Port 8888 is in use by another program. Either identify and stop that program, or start the server with a different port.
Address already in use
Port 8888 is in use by another program. Either identify and stop that program, or start the server with a different port.
Address already in use
Port 8888 is in use by another program. Either identify and stop that program, or start the server with a different port.
Address already in use
Port 8888 is in use by another program. Either identify and stop that program, or start the server with a different port.
Address already in use
Port 8888 is in use by another program. Either identify and stop that program, or start the server with a different port.
Address already in use
Port 8888 is in use by another program. Either identify and stop that program, or start the server with a different port.
Address already in use
Port 8888 is in use by another program. Either identify and stop that program, or start the server with a different port.
Address already in use
Port 8888 is in use by another program. Either identify and stop that program, or start the server with a different port.
Address already in use
Port 8888 is in use by another program. Either identify and stop that program, or start the server with a different port.
Address already in use
Port 8888 is in use by another program. Either identify and stop that program, or start the server with a different port.
Address already in use
Port 8888 is in use by another program. Either identify and stop that program, or start the server with a different port.
Address already in use
Port 8888 is in use by another program. Either identify and stop that program, or start the server with a different port.
Address already in use
Port 8888 is in use by another program. Either identify and stop that program, or start the server with a different port.
Address already in use
Port 8888 is in use by another program. Either identify and stop that program, or start the server with a different port.
Address already in use
Port 8888 is in use by another program. Either identify and stop that program, or start the server with a different port.
Address already in use
Port 8888 is in use by another program. Either identify and stop that program, or start the server with a different port.
Address already in use
Port 8888 is in use by another program. Either identify and stop that program, or start the server with a different port.
Address already in use
Port 8888 is in use by another program. Either identify and stop that program, or start the server with a different port.
Address already in use
Port 8888 is in use by another program. Either identify and stop that program, or start the server with a different port.
Address already in use
Port 8888 is in use by another program. Either identify and stop that program, or start the server with a different port.
Address already in use
Port 8888 is in use by another program. Either identify and stop that program, or start the server with a different port.
Address already in use
Port 8888 is in use by another program. Either identify and stop that program, or start the server with a different port.
Address already in use
Port 8888 is in use by another program. Either identify and stop that program, or start the server with a different port.
Address already in use
Port 8888 is in use by another program. Either identify and stop that program, or start the server with a different port.
Address already in use
Port 8888 is in use by another program. Either identify and stop that program, or start the server with a different port.
Address already in use
Port 8888 is in use by another program. Either identify and stop that program, or start the server with a different port.
Address already in use
Port 8888 is in use by another program. Either identify and stop that program, or start the server with a different port.
Address already in use
Port 8888 is in use by another program. Either identify and stop that program, or start the server with a different port.
Address already in use
Port 8888 is in use by another program. Either identify and stop that program, or start the server with a different port.
Address already in use
Port 8888 is in use by another program. Either identify and stop that program, or start the server with a different port.
Address already in use
Port 8888 is in use by another program. Either identify and stop that program, or start the server with a different port.
Address already in use
Port 8888 is in use by another program. Either identify and stop that program, or start the server with a different port.
Address already in use
Port 8888 is in use by another program. Either identify and stop that program, or start the server with a different port.
Address already in use
Port 8888 is in use by another program. Either identify and stop that program, or start the server with a different port.
Address already in use
Port 8888 is in use by another program. Either identify and stop that program, or start the server with a different port.
Address already in use
Port 8888 is in use by another program. Either identify and stop that program, or start the server with a different port.
Address already in use
Port 8888 is in use by another program. Either identify and stop that program, or start the server with a different port.
Address already in use
Port 8888 is in use by another program. Either identify and stop that program, or start the server with a different port.
Address already in use
Port 8888 is in use by another program. Either identify and stop that program, or start the server with a different port.
Address already in use
Port 8888 is in use by another program. Either identify and stop that program, or start the server with a different port.
Address already in use
Port 8888 is in use by another program. Either identify and stop that program, or start the server with a different port.
Address already in use
Port 8888 is in use by another program. Either identify and stop that program, or start the server with a different port.
Address already in use
Port 8888 is in use by another program. Either identify and stop that program, or start the server with a different port.
Address already in use
Port 8888 is in use by another program. Either identify and stop that program, or start the server with a different port.
Address already in use
Port 8888 is in use by another program. Either identify and stop that program, or start the server with a different port.
Address already in use
Port 8888 is in use by another program. Either identify and stop that program, or start the server with a different port.
Address already in use
Port 8888 is in use by another program. Either identify and stop that program, or start the server with a different port.
Address already in use
Port 8888 is in use by another program. Either identify and stop that program, or start the server with a different port.
Address already in use
Port 8888 is in use by another program. Either identify and stop that program, or start the server with a different port.
Address already in use
Port 8888 is in use by another program. Either identify and stop that program, or start the server with a different port.
Address already in use
Port 8888 is in use by another program. Either identify and stop that program, or start the server with a different port.
Address already in use
Port 8888 is in use by another program. Either identify and stop that program, or start the server with a different port.
Address already in use
Port 8888 is in use by another program. Either identify and stop that program, or start the server with a different port.
Address already in use
Port 8888 is in use by another program. Either identify and stop that program, or start the server with a different port.
Address already in use
Port 8888 is in use by another program. Either identify and stop that program, or start the server with a different port.
Address already in use
Port 8888 is in use by another program. Either identify and stop that program, or start the server with a different port.
Address already in use
Port 8888 is in use by another program. Either identify and stop that program, or start the server with a different port.
Address already in use
Port 8888 is in use by another program. Either identify and stop that program, or start the server with a different port.
Address already in use
Port 8888 is in use by another program. Either identify and stop that program, or start the server with a different port.
Address already in use
Port 8888 is in use by another program. Either identify and stop that program, or start the server with a different port.
Address already in use
Port 8888 is in use by another program. Either identify and stop that program, or start the server with a different port.
Address already in use
Port 8888 is in use by another program. Either identify and stop that program, or start the server with a different port.
Address already in use
Port 8888 is in use by another program. Either identify and stop that program, or start the server with a different port.
Address already in use
Port 8888 is in use by another program. Either identify and stop that program, or start the server with a different port.
Address already in use
Port 8888 is in use by another program. Either identify and stop that program, or start the server with a different port.
[31m[1mWARNING: This is a development server. Do not use it in a production deployment. Use a production WSGI server instead.[0m
 * Running on all addresses (0.0.0.0)
 * Running on http://127.0.0.1:8888
 * Running on http://192.168.3.152:8888
[33mPress CTRL+C to quit[0m
 * Restarting with stat
 * Debugger is active!
 * Debugger PIN: 421-002-948
 * Detected change in '/Users/mmitkees/Library/CloudStorage/OneDrive-OracleCorporation/SalesAPP/models.py', reloading
 * Restarting with stat
 * Debugger is active!
 * Debugger PIN: 421-002-948
 * Detected change in '/Users/mmitkees/Library/CloudStorage/OneDrive-OracleCorporation/SalesAPP/app.py', reloading
 * Restarting with stat
 * Debugger is active!
 * Debugger PIN: 421-002-948
/opt/homebrew/Cellar/python@3.14/3.14.0/Frameworks/Python.framework/Versions/3.14/lib/python3.14/multiprocessing/resource_tracker.py:297: UserWarning: resource_tracker: There appear to be 1 leaked semaphore objects to clean up at shutdown: {'/mp-jip3dm6v'}
  warnings.warn(
/opt/homebrew/Cellar/python@3.14/3.14.0/Frameworks/Python.framework/Versions/3.14/lib/python3.14/multiprocessing/resource_tracker.py:297: UserWarning: resource_tracker: There appear to be 1 leaked semaphore objects to clean up at shutdown: {'/mp-_4l6idk6'}
  warnings.warn(
[31m[1mWARNING: This is a development server. Do not use it in a production deployment. Use a production WSGI server instead.[0m
 * Running on all addresses (0.0.0.0)
 * Running on http://127.0.0.1:8888
 * Running on http://192.168.3.152:8888
[33mPress CTRL+C to quit[0m
 * Restarting with stat
 * Debugger is active!
 * Debugger PIN: 421-002-948
/opt/homebrew/Cellar/python@3.14/3.14.0/Frameworks/Python.framework/Versions/3.14/lib/python3.14/multiprocessing/resource_tracker.py:297: UserWarning: resource_tracker: There appear to be 1 leaked semaphore objects to clean up at shutdown: {'/mp-qb4d0oi8'}
  warnings.warn(
/opt/homebrew/Cellar/python@3.14/3.14.0/Frameworks/Python.framework/Versions/3.14/lib/python3.14/multiprocessing/resource_tracker.py:297: UserWarning: resource_tracker: There appear to be 1 leaked semaphore objects to clean up at shutdown: {'/mp-3_62811r'}
  warnings.warn(
[31m[1mWARNING: This is a development server. Do not use it in a production deployment. Use a production WSGI server instead.[0m
 * Running on all addresses (0.0.0.0)
 * Running on http://127.0.0.1:8888
 * Running on http://192.168.3.152:8888
[33mPress CTRL+C to quit[0m
 * Restarting with stat
 * Debugger is active!
 * Debugger PIN: 421-002-948
/opt/homebrew/Cellar/python@3.14/3.14.0/Frameworks/Python.framework/Versions/3.14/lib/python3.14/multiprocessing/resource_tracker.py:297: UserWarning: resource_tracker: There appear to be 1 leaked semaphore objects to clean up at shutdown: {'/mp-bxv9oqdy'}
  warnings.warn(
/opt/homebrew/Cellar/python@3.14/3.14.0/Frameworks/Python.framework/Versions/3.14/lib/python3.14/multiprocessing/resource_tracker.py:297: UserWarning: resource_tracker: There appear to be 1 leaked semaphore objects to clean up at shutdown: {'/mp-37w5eb9z'}
  warnings.warn(
Address already in use
Port 8888 is in use by another program. Either identify and stop that program, or start the server with a different port.
Address already in use
Port 8888 is in use by another program. Either identify and stop that program, or start the server with a different port.
Address already in use
Port 8888 is in use by another program. Either identify and stop that program, or start the server with a different port.
Address already in use
Port 8888 is in use by another program. Either identify and stop that program, or start the server with a different port.
Address already in use
Port 8888 is in use by another program. Either identify and stop that program, or start the server with a different port.
Address already in use
Port 8888 is in use by another program. Either identify and stop that program, or start the server with a different port.
Address already in use
Port 8888 is in use by another program. Either identify and stop that program, or start the server with a different port.
Address already in use
Port 8888 is in use by another program. Either identify and stop that program, or start the server with a different port.
Address already in use
Port 8888 is in use by another program. Either identify and stop that program, or start the server with a different port.
Address already in use
Port 8888 is in use by another program. Either identify and stop that program, or start the server with a different port.
Address already in use
Port 8888 is in use by another program. Either identify and stop that program, or start the server with a different port.
Address already in use
Port 8888 is in use by another program. Either identify and stop that program, or start the server with a different port.
Address already in use
Port 8888 is in use by another program. Either identify and stop that program, or start the server with a different port.
Address already in use
Port 8888 is in use by another program. Either identify and stop that program, or start the server with a different port.
Address already in use
Port 8888 is in use by another program. Either identify and stop that program, or start the server with a different port.
Address already in use
Port 8888 is in use by another program. Either identify and stop that program, or start the server with a different port.
Address already in use
Port 8888 is in use by another program. Either identify and stop that program, or start the server with a different port.
Address already in use
Port 8888 is in use by another program. Either identify and stop that program, or start the server with a different port.
Address already in use
Port 8888 is in use by another program. Either identify and stop that program, or start the server with a different port.
Address already in use
Port 8888 is in use by another program. Either identify and stop that program, or start the server with a different port.
Address already in use
Port 8888 is in use by another program. Either identify and stop that program, or start the server with a different port.
Address already in use
Port 8888 is in use by another program. Either identify and stop that program, or start the server with a different port.
Address already in use
Port 8888 is in use by another program. Either identify and stop that program, or start the server with a different port.
Address already in use
Port 8888 is in use by another program. Either identify and stop that program, or start the server with a different port.
Address already in use
Port 8888 is in use by another program. Either identify and stop that program, or start the server with a different port.
Address already in use
Port 8888 is in use by another program. Either identify and stop that program, or start the server with a different port.
Address already in use
Port 8888 is in use by another program. Either identify and stop that program, or start the server with a different port.
[31m[1mWARNING: This is a development server. Do not use it in a production deployment. Use a production WSGI server instead.[0m
 * Running on all addresses (0.0.0.0)
 * Running on http://127.0.0.1:8888
 * Running on http://192.168.1.195:8888
[33mPress CTRL+C to quit[0m
 * Restarting with stat
 * Debugger is active!
 * Debugger PIN: 421-002-948
/opt/homebrew/Cellar/python@3.14/3.14.0/Frameworks/Python.framework/Versions/3.14/lib/python3.14/multiprocessing/resource_tracker.py:297: UserWarning: resource_tracker: There appear to be 1 leaked semaphore objects to clean up at shutdown: {'/mp-l1_470h2'}
  warnings.warn(
/opt/homebrew/Cellar/python@3.14/3.14.0/Frameworks/Python.framework/Versions/3.14/lib/python3.14/multiprocessing/resource_tracker.py:297: UserWarning: resource_tracker: There appear to be 1 leaked semaphore objects to clean up at shutdown: {'/mp-x_o5vfpt'}
  warnings.warn(
Address already in use
Port 8888 is in use by another program. Either identify and stop that program, or start the server with a different port.
Address already in use
Port 8888 is in use by another program. Either identify and stop that program, or start the server with a different port.
Address already in use
Port 8888 is in use by another program. Either identify and stop that program, or start the server with a different port.
Address already in use
Port 8888 is in use by another program. Either identify and stop that program, or start the server with a different port.
Address already in use
Port 8888 is in use by another program. Either identify and stop that program, or start the server with a different port.
Address already in use
Port 8888 is in use by another program. Either identify and stop that program, or start the server with a different port.
Address already in use
Port 8888 is in use by another program. Either identify and stop that program, or start the server with a different port.
Address already in use
Port 8888 is in use by another program. Either identify and stop that program, or start the server with a different port.
Address already in use
Port 8888 is in use by another program. Either identify and stop that program, or start the server with a different port.
Address already in use
Port 8888 is in use by another program. Either identify and stop that program, or start the server with a different port.
Address already in use
Port 8888 is in use by another program. Either identify and stop that program, or start the server with a different port.
Address already in use
Port 8888 is in use by another program. Either identify and stop that program, or start the server with a different port.
Address already in use
Port 8888 is in use by another program. Either identify and stop that program, or start the server with a different port.
Address already in use
Port 8888 is in use by another program. Either identify and stop that program, or start the server with a different port.
Address already in use
Port 8888 is in use by another program. Either identify and stop that program, or start the server with a different port.
Address already in use
Port 8888 is in use by another program. Either identify and stop that program, or start the server with a different port.
Address already in use
Port 8888 is in use by another program. Either identify and stop that program, or start the server with a different port.
Address already in use
Port 8888 is in use by another program. Either identify and stop that program, or start the server with a different port.
Address already in use
Port 8888 is in use by another program. Either identify and stop that program, or start the server with a different port.
Address already in use
Port 8888 is in use by another program. Either identify and stop that program, or start the server with a different port.
Address already in use
Port 8888 is in use by another program. Either identify and stop that program, or start the server with a different port.
Address already in use
Port 8888 is in use by another program. Either identify and stop that program, or start the server with a different port.
Address already in use
Port 8888 is in use by another program. Either identify and stop that program, or start the server with a different port.
Address already in use
Port 8888 is in use by another program. Either identify and stop that program, or start the server with a different port.
Address already in use
Port 8888 is in use by another program. Either identify and stop that program, or start the server with a different port.
[31m[1mWARNING: This is a development server. Do not use it in a production deployment. Use a production WSGI server instead.[0m
 * Running on all addresses (0.0.0.0)
 * Running on http://127.0.0.1:8888
 * Running on http://192.168.1.195:8888
[33mPress CTRL+C to quit[0m
 * Restarting with stat
 * Debugger is active!
 * Debugger PIN: 421-002-948
/opt/homebrew/Cellar/python@3.14/3.14.0/Frameworks/Python.framework/Versions/3.14/lib/python3.14/multiprocessing/resource_tracker.py:297: UserWarning: resource_tracker: There appear to be 1 leaked semaphore objects to clean up at shutdown: {'/mp-l8hz5gq3'}
  warnings.warn(
/opt/homebrew/Cellar/python@3.14/3.14.0/Frameworks/Python.framework/Versions/3.14/lib/python3.14/multiprocessing/resource_tracker.py:297: UserWarning: resource_tracker: There appear to be 1 leaked semaphore objects to clean up at shutdown: {'/mp-a5m33yxb'}
  warnings.warn(
Address already in use
Port 8888 is in use by another program. Either identify and stop that program, or start the server with a different port.
Address already in use
Port 8888 is in use by another program. Either identify and stop that program, or start the server with a different port.
Address already in use
Port 8888 is in use by another program. Either identify and stop that program, or start the server with a different port.
Address already in use
Port 8888 is in use by another program. Either identify and stop that program, or start the server with a different port.
Address already in use
Port 8888 is in use by another program. Either identify and stop that program, or start the server with a different port.
Address already in use
Port 8888 is in use by another program. Either identify and stop that program, or start the server with a different port.
Address already in use
Port 8888 is in use by another program. Either identify and stop that program, or start the server with a different port.
Address already in use
Port 8888 is in use by another program. Either identify and stop that program, or start the server with a different port.
Address already in use
Port 8888 is in use by another program. Either identify and stop that program, or start the server with a different port.
Address already in use
Port 8888 is in use by another program. Either identify and stop that program, or start the server with a different port.
Address already in use
Port 8888 is in use by another program. Either identify and stop that program, or start the server with a different port.
Address already in use
Port 8888 is in use by another program. Either identify and stop that program, or start the server with a different port.
Address already in use
Port 8888 is in use by another program. Either identify and stop that program, or start the server with a different port.
Address already in use
Port 8888 is in use by another program. Either identify and stop that program, or start the server with a different port.
Address already in use
Port 8888 is in use by another program. Either identify and stop that program, or start the server with a different port.
Address already in use
Port 8888 is in use by another program. Either identify and stop that program, or start the server with a different port.
Address already in use
Port 8888 is in use by another program. Either identify and stop that program, or start the server with a different port.
Address already in use
Port 8888 is in use by another program. Either identify and stop that program, or start the server with a different port.
Address already in use
Port 8888 is in use by another program. Either identify and stop that program, or start the server with a different port.
Address already in use
Port 8888 is in use by another program. Either identify and stop that program, or start the server with a different port.
Address already in use
Port 8888 is in use by another program. Either identify and stop that program, or start the server with a different port.
Address already in use
Port 8888 is in use by another program. Either identify and stop that program, or start the server with a different port.
Address already in use
Port 8888 is in use by another program. Either identify and stop that program, or start the server with a different port.
Address already in use
Port 8888 is in use by another program. Either identify and stop that program, or start the server with a different port.
Address already in use
Port 8888 is in use by another program. Either identify and stop that program, or start the server with a different port.
Address already in use
Port 8888 is in use by another program. Either identify and stop that program, or start the server with a different port.
Address already in use
Port 8888 is in use by another program. Either identify and stop that program, or start the server with a different port.
Address already in use
Port 8888 is in use by another program. Either identify and stop that program, or start the server with a different port.
Address already in use
Port 8888 is in use by another program. Either identify and stop that program, or start the server with a different port.
Address already in use
Port 8888 is in use by another program. Either identify and stop that program, or start the server with a different port.
Address already in use
Port 8888 is in use by another program. Either identify and stop that program, or start the server with a different port.
Address already in use
Port 8888 is in use by another program. Either identify and stop that program, or start the server with a different port.
Address already in use
Port 8888 is in use by another program. Either identify and stop that program, or start the server with a different port.
Address already in use
Port 8888 is in use by another program. Either identify and stop that program, or start the server with a different port.
Address already in use
Port 8888 is in use by another program. Either identify and stop that program, or start the server with a different port.
Address already in use
Port 8888 is in use by another program. Either identify and stop that program, or start the server with a different port.
Traceback (most recent call last):
  File "/Users/mmitkees/Library/CloudStorage/OneDrive-OracleCorporation/SalesAPP/app.py", line 913, in <module>
    @app.route('/api/workloads/<int:workload_id>', methods=['DELETE'])
     ~~~~~~~~~^^^^^^^^^^^^^^^^^^^^^^^^^^^^^^^^^^^^^^^^^^^^^^^^^^^^^^^^
  File "/Users/mmitkees/Library/CloudStorage/OneDrive-OracleCorporation/SalesAPP/venv/lib/python3.14/site-packages/flask/sansio/scaffold.py", line 362, in decorator
    self.add_url_rule(rule, endpoint, f, **options)
    ~~~~~~~~~~~~~~~~~^^^^^^^^^^^^^^^^^^^^^^^^^^^^^^
  File "/Users/mmitkees/Library/CloudStorage/OneDrive-OracleCorporation/SalesAPP/venv/lib/python3.14/site-packages/flask/sansio/scaffold.py", line 47, in wrapper_func
    return f(self, *args, **kwargs)
  File "/Users/mmitkees/Library/CloudStorage/OneDrive-OracleCorporation/SalesAPP/venv/lib/python3.14/site-packages/flask/sansio/app.py", line 657, in add_url_rule
    raise AssertionError(
    ...<2 lines>...
    )
AssertionError: View function mapping is overwriting an existing endpoint function: delete_workload
Traceback (most recent call last):
  File "/Users/mmitkees/Library/CloudStorage/OneDrive-OracleCorporation/SalesAPP/app.py", line 913, in <module>
    @app.route('/api/workloads/<int:workload_id>', methods=['DELETE'])
     ~~~~~~~~~^^^^^^^^^^^^^^^^^^^^^^^^^^^^^^^^^^^^^^^^^^^^^^^^^^^^^^^^
  File "/Users/mmitkees/Library/CloudStorage/OneDrive-OracleCorporation/SalesAPP/venv/lib/python3.14/site-packages/flask/sansio/scaffold.py", line 362, in decorator
    self.add_url_rule(rule, endpoint, f, **options)
    ~~~~~~~~~~~~~~~~~^^^^^^^^^^^^^^^^^^^^^^^^^^^^^^
  File "/Users/mmitkees/Library/CloudStorage/OneDrive-OracleCorporation/SalesAPP/venv/lib/python3.14/site-packages/flask/sansio/scaffold.py", line 47, in wrapper_func
    return f(self, *args, **kwargs)
  File "/Users/mmitkees/Library/CloudStorage/OneDrive-OracleCorporation/SalesAPP/venv/lib/python3.14/site-packages/flask/sansio/app.py", line 657, in add_url_rule
    raise AssertionError(
    ...<2 lines>...
    )
AssertionError: View function mapping is overwriting an existing endpoint function: delete_workload
Traceback (most recent call last):
  File "/Users/mmitkees/Library/CloudStorage/OneDrive-OracleCorporation/SalesAPP/app.py", line 913, in <module>
    @app.route('/api/workloads/<int:workload_id>', methods=['DELETE'])
     ~~~~~~~~~^^^^^^^^^^^^^^^^^^^^^^^^^^^^^^^^^^^^^^^^^^^^^^^^^^^^^^^^
  File "/Users/mmitkees/Library/CloudStorage/OneDrive-OracleCorporation/SalesAPP/venv/lib/python3.14/site-packages/flask/sansio/scaffold.py", line 362, in decorator
    self.add_url_rule(rule, endpoint, f, **options)
    ~~~~~~~~~~~~~~~~~^^^^^^^^^^^^^^^^^^^^^^^^^^^^^^
  File "/Users/mmitkees/Library/CloudStorage/OneDrive-OracleCorporation/SalesAPP/venv/lib/python3.14/site-packages/flask/sansio/scaffold.py", line 47, in wrapper_func
    return f(self, *args, **kwargs)
  File "/Users/mmitkees/Library/CloudStorage/OneDrive-OracleCorporation/SalesAPP/venv/lib/python3.14/site-packages/flask/sansio/app.py", line 657, in add_url_rule
    raise AssertionError(
    ...<2 lines>...
    )
AssertionError: View function mapping is overwriting an existing endpoint function: delete_workload
Traceback (most recent call last):
  File "/Users/mmitkees/Library/CloudStorage/OneDrive-OracleCorporation/SalesAPP/app.py", line 913, in <module>
    @app.route('/api/workloads/<int:workload_id>', methods=['DELETE'])
     ~~~~~~~~~^^^^^^^^^^^^^^^^^^^^^^^^^^^^^^^^^^^^^^^^^^^^^^^^^^^^^^^^
  File "/Users/mmitkees/Library/CloudStorage/OneDrive-OracleCorporation/SalesAPP/venv/lib/python3.14/site-packages/flask/sansio/scaffold.py", line 362, in decorator
    self.add_url_rule(rule, endpoint, f, **options)
    ~~~~~~~~~~~~~~~~~^^^^^^^^^^^^^^^^^^^^^^^^^^^^^^
  File "/Users/mmitkees/Library/CloudStorage/OneDrive-OracleCorporation/SalesAPP/venv/lib/python3.14/site-packages/flask/sansio/scaffold.py", line 47, in wrapper_func
    return f(self, *args, **kwargs)
  File "/Users/mmitkees/Library/CloudStorage/OneDrive-OracleCorporation/SalesAPP/venv/lib/python3.14/site-packages/flask/sansio/app.py", line 657, in add_url_rule
    raise AssertionError(
    ...<2 lines>...
    )
AssertionError: View function mapping is overwriting an existing endpoint function: delete_workload
Traceback (most recent call last):
  File "/Users/mmitkees/Library/CloudStorage/OneDrive-OracleCorporation/SalesAPP/app.py", line 913, in <module>
    @app.route('/api/workloads/<int:workload_id>', methods=['DELETE'])
     ~~~~~~~~~^^^^^^^^^^^^^^^^^^^^^^^^^^^^^^^^^^^^^^^^^^^^^^^^^^^^^^^^
  File "/Users/mmitkees/Library/CloudStorage/OneDrive-OracleCorporation/SalesAPP/venv/lib/python3.14/site-packages/flask/sansio/scaffold.py", line 362, in decorator
    self.add_url_rule(rule, endpoint, f, **options)
    ~~~~~~~~~~~~~~~~~^^^^^^^^^^^^^^^^^^^^^^^^^^^^^^
  File "/Users/mmitkees/Library/CloudStorage/OneDrive-OracleCorporation/SalesAPP/venv/lib/python3.14/site-packages/flask/sansio/scaffold.py", line 47, in wrapper_func
    return f(self, *args, **kwargs)
  File "/Users/mmitkees/Library/CloudStorage/OneDrive-OracleCorporation/SalesAPP/venv/lib/python3.14/site-packages/flask/sansio/app.py", line 657, in add_url_rule
    raise AssertionError(
    ...<2 lines>...
    )
AssertionError: View function mapping is overwriting an existing endpoint function: delete_workload
Traceback (most recent call last):
  File "/Users/mmitkees/Library/CloudStorage/OneDrive-OracleCorporation/SalesAPP/app.py", line 913, in <module>
    @app.route('/api/workloads/<int:workload_id>', methods=['DELETE'])
     ~~~~~~~~~^^^^^^^^^^^^^^^^^^^^^^^^^^^^^^^^^^^^^^^^^^^^^^^^^^^^^^^^
  File "/Users/mmitkees/Library/CloudStorage/OneDrive-OracleCorporation/SalesAPP/venv/lib/python3.14/site-packages/flask/sansio/scaffold.py", line 362, in decorator
    self.add_url_rule(rule, endpoint, f, **options)
    ~~~~~~~~~~~~~~~~~^^^^^^^^^^^^^^^^^^^^^^^^^^^^^^
  File "/Users/mmitkees/Library/CloudStorage/OneDrive-OracleCorporation/SalesAPP/venv/lib/python3.14/site-packages/flask/sansio/scaffold.py", line 47, in wrapper_func
    return f(self, *args, **kwargs)
  File "/Users/mmitkees/Library/CloudStorage/OneDrive-OracleCorporation/SalesAPP/venv/lib/python3.14/site-packages/flask/sansio/app.py", line 657, in add_url_rule
    raise AssertionError(
    ...<2 lines>...
    )
AssertionError: View function mapping is overwriting an existing endpoint function: delete_workload
Traceback (most recent call last):
  File "/Users/mmitkees/Library/CloudStorage/OneDrive-OracleCorporation/SalesAPP/app.py", line 913, in <module>
    @app.route('/api/workloads/<int:workload_id>', methods=['DELETE'])
     ~~~~~~~~~^^^^^^^^^^^^^^^^^^^^^^^^^^^^^^^^^^^^^^^^^^^^^^^^^^^^^^^^
  File "/Users/mmitkees/Library/CloudStorage/OneDrive-OracleCorporation/SalesAPP/venv/lib/python3.14/site-packages/flask/sansio/scaffold.py", line 362, in decorator
    self.add_url_rule(rule, endpoint, f, **options)
    ~~~~~~~~~~~~~~~~~^^^^^^^^^^^^^^^^^^^^^^^^^^^^^^
  File "/Users/mmitkees/Library/CloudStorage/OneDrive-OracleCorporation/SalesAPP/venv/lib/python3.14/site-packages/flask/sansio/scaffold.py", line 47, in wrapper_func
    return f(self, *args, **kwargs)
  File "/Users/mmitkees/Library/CloudStorage/OneDrive-OracleCorporation/SalesAPP/venv/lib/python3.14/site-packages/flask/sansio/app.py", line 657, in add_url_rule
    raise AssertionError(
    ...<2 lines>...
    )
AssertionError: View function mapping is overwriting an existing endpoint function: delete_workload
Traceback (most recent call last):
  File "/Users/mmitkees/Library/CloudStorage/OneDrive-OracleCorporation/SalesAPP/app.py", line 913, in <module>
    @app.route('/api/workloads/<int:workload_id>', methods=['DELETE'])
     ~~~~~~~~~^^^^^^^^^^^^^^^^^^^^^^^^^^^^^^^^^^^^^^^^^^^^^^^^^^^^^^^^
  File "/Users/mmitkees/Library/CloudStorage/OneDrive-OracleCorporation/SalesAPP/venv/lib/python3.14/site-packages/flask/sansio/scaffold.py", line 362, in decorator
    self.add_url_rule(rule, endpoint, f, **options)
    ~~~~~~~~~~~~~~~~~^^^^^^^^^^^^^^^^^^^^^^^^^^^^^^
  File "/Users/mmitkees/Library/CloudStorage/OneDrive-OracleCorporation/SalesAPP/venv/lib/python3.14/site-packages/flask/sansio/scaffold.py", line 47, in wrapper_func
    return f(self, *args, **kwargs)
  File "/Users/mmitkees/Library/CloudStorage/OneDrive-OracleCorporation/SalesAPP/venv/lib/python3.14/site-packages/flask/sansio/app.py", line 657, in add_url_rule
    raise AssertionError(
    ...<2 lines>...
    )
AssertionError: View function mapping is overwriting an existing endpoint function: delete_workload
[31m[1mWARNING: This is a development server. Do not use it in a production deployment. Use a production WSGI server instead.[0m
 * Running on all addresses (0.0.0.0)
 * Running on http://127.0.0.1:8888
 * Running on http://192.168.1.195:8888
[33mPress CTRL+C to quit[0m
 * Restarting with stat
 * Debugger is active!
 * Debugger PIN: 421-002-948
/opt/homebrew/Cellar/python@3.14/3.14.0/Frameworks/Python.framework/Versions/3.14/lib/python3.14/multiprocessing/resource_tracker.py:297: UserWarning: resource_tracker: There appear to be 1 leaked semaphore objects to clean up at shutdown: {'/mp-vd5tjqg4'}
  warnings.warn(
/opt/homebrew/Cellar/python@3.14/3.14.0/Frameworks/Python.framework/Versions/3.14/lib/python3.14/multiprocessing/resource_tracker.py:297: UserWarning: resource_tracker: There appear to be 1 leaked semaphore objects to clean up at shutdown: {'/mp-tuba9bpi'}
  warnings.warn(
Address already in use
Port 8888 is in use by another program. Either identify and stop that program, or start the server with a different port.
Address already in use
Port 8888 is in use by another program. Either identify and stop that program, or start the server with a different port.
Address already in use
Port 8888 is in use by another program. Either identify and stop that program, or start the server with a different port.
Address already in use
Port 8888 is in use by another program. Either identify and stop that program, or start the server with a different port.
Address already in use
Port 8888 is in use by another program. Either identify and stop that program, or start the server with a different port.
Address already in use
Port 8888 is in use by another program. Either identify and stop that program, or start the server with a different port.
Address already in use
Port 8888 is in use by another program. Either identify and stop that program, or start the server with a different port.
Address already in use
Port 8888 is in use by another program. Either identify and stop that program, or start the server with a different port.
Address already in use
Port 8888 is in use by another program. Either identify and stop that program, or start the server with a different port.
Address already in use
Port 8888 is in use by another program. Either identify and stop that program, or start the server with a different port.
Address already in use
Port 8888 is in use by another program. Either identify and stop that program, or start the server with a different port.
Address already in use
Port 8888 is in use by another program. Either identify and stop that program, or start the server with a different port.
Address already in use
Port 8888 is in use by another program. Either identify and stop that program, or start the server with a different port.
Address already in use
Port 8888 is in use by another program. Either identify and stop that program, or start the server with a different port.
Address already in use
Port 8888 is in use by another program. Either identify and stop that program, or start the server with a different port.
Address already in use
Port 8888 is in use by another program. Either identify and stop that program, or start the server with a different port.
Address already in use
Port 8888 is in use by another program. Either identify and stop that program, or start the server with a different port.
Address already in use
Port 8888 is in use by another program. Either identify and stop that program, or start the server with a different port.
Address already in use
Port 8888 is in use by another program. Either identify and stop that program, or start the server with a different port.
Address already in use
Port 8888 is in use by another program. Either identify and stop that program, or start the server with a different port.
Address already in use
Port 8888 is in use by another program. Either identify and stop that program, or start the server with a different port.
Address already in use
Port 8888 is in use by another program. Either identify and stop that program, or start the server with a different port.
[31m[1mWARNING: This is a development server. Do not use it in a production deployment. Use a production WSGI server instead.[0m
 * Running on all addresses (0.0.0.0)
 * Running on http://127.0.0.1:8888
 * Running on http://192.168.1.195:8888
[33mPress CTRL+C to quit[0m
 * Restarting with stat
 * Debugger is active!
 * Debugger PIN: 421-002-948
/opt/homebrew/Cellar/python@3.14/3.14.0/Frameworks/Python.framework/Versions/3.14/lib/python3.14/multiprocessing/resource_tracker.py:297: UserWarning: resource_tracker: There appear to be 1 leaked semaphore objects to clean up at shutdown: {'/mp-mvows2hg'}
  warnings.warn(
/opt/homebrew/Cellar/python@3.14/3.14.0/Frameworks/Python.framework/Versions/3.14/lib/python3.14/multiprocessing/resource_tracker.py:297: UserWarning: resource_tracker: There appear to be 1 leaked semaphore objects to clean up at shutdown: {'/mp-40lymlc4'}
  warnings.warn(
Address already in use
Port 8888 is in use by another program. Either identify and stop that program, or start the server with a different port.
Address already in use
Port 8888 is in use by another program. Either identify and stop that program, or start the server with a different port.
Address already in use
Port 8888 is in use by another program. Either identify and stop that program, or start the server with a different port.
Address already in use
Port 8888 is in use by another program. Either identify and stop that program, or start the server with a different port.
Address already in use
Port 8888 is in use by another program. Either identify and stop that program, or start the server with a different port.
Address already in use
Port 8888 is in use by another program. Either identify and stop that program, or start the server with a different port.
Address already in use
Port 8888 is in use by another program. Either identify and stop that program, or start the server with a different port.
Address already in use
Port 8888 is in use by another program. Either identify and stop that program, or start the server with a different port.
Address already in use
Port 8888 is in use by another program. Either identify and stop that program, or start the server with a different port.
Address already in use
Port 8888 is in use by another program. Either identify and stop that program, or start the server with a different port.
Address already in use
Port 8888 is in use by another program. Either identify and stop that program, or start the server with a different port.
Address already in use
Port 8888 is in use by another program. Either identify and stop that program, or start the server with a different port.
Address already in use
Port 8888 is in use by another program. Either identify and stop that program, or start the server with a different port.
Address already in use
Port 8888 is in use by another program. Either identify and stop that program, or start the server with a different port.
Address already in use
Port 8888 is in use by another program. Either identify and stop that program, or start the server with a different port.
Address already in use
Port 8888 is in use by another program. Either identify and stop that program, or start the server with a different port.
Address already in use
Port 8888 is in use by another program. Either identify and stop that program, or start the server with a different port.
Address already in use
Port 8888 is in use by another program. Either identify and stop that program, or start the server with a different port.
Address already in use
Port 8888 is in use by another program. Either identify and stop that program, or start the server with a different port.
Address already in use
Port 8888 is in use by another program. Either identify and stop that program, or start the server with a different port.
Address already in use
Port 8888 is in use by another program. Either identify and stop that program, or start the server with a different port.
Address already in use
Port 8888 is in use by another program. Either identify and stop that program, or start the server with a different port.
Address already in use
Port 8888 is in use by another program. Either identify and stop that program, or start the server with a different port.
Address already in use
Port 8888 is in use by another program. Either identify and stop that program, or start the server with a different port.
Address already in use
Port 8888 is in use by another program. Either identify and stop that program, or start the server with a different port.
Address already in use
Port 8888 is in use by another program. Either identify and stop that program, or start the server with a different port.
Address already in use
Port 8888 is in use by another program. Either identify and stop that program, or start the server with a different port.
Address already in use
Port 8888 is in use by another program. Either identify and stop that program, or start the server with a different port.
Address already in use
Port 8888 is in use by another program. Either identify and stop that program, or start the server with a different port.
Address already in use
Port 8888 is in use by another program. Either identify and stop that program, or start the server with a different port.
Address already in use
Port 8888 is in use by another program. Either identify and stop that program, or start the server with a different port.
Address already in use
Port 8888 is in use by another program. Either identify and stop that program, or start the server with a different port.
Address already in use
Port 8888 is in use by another program. Either identify and stop that program, or start the server with a different port.
Address already in use
Port 8888 is in use by another program. Either identify and stop that program, or start the server with a different port.
Address already in use
Port 8888 is in use by another program. Either identify and stop that program, or start the server with a different port.
Address already in use
Port 8888 is in use by another program. Either identify and stop that program, or start the server with a different port.
Address already in use
Port 8888 is in use by another program. Either identify and stop that program, or start the server with a different port.
Address already in use
Port 8888 is in use by another program. Either identify and stop that program, or start the server with a different port.
Address already in use
Port 8888 is in use by another program. Either identify and stop that program, or start the server with a different port.
Address already in use
Port 8888 is in use by another program. Either identify and stop that program, or start the server with a different port.
Address already in use
Port 8888 is in use by another program. Either identify and stop that program, or start the server with a different port.
Address already in use
Port 8888 is in use by another program. Either identify and stop that program, or start the server with a different port.
Address already in use
Port 8888 is in use by another program. Either identify and stop that program, or start the server with a different port.
Address already in use
Port 8888 is in use by another program. Either identify and stop that program, or start the server with a different port.
Address already in use
Port 8888 is in use by another program. Either identify and stop that program, or start the server with a different port.
Address already in use
Port 8888 is in use by another program. Either identify and stop that program, or start the server with a different port.
Address already in use
Port 8888 is in use by another program. Either identify and stop that program, or start the server with a different port.
Address already in use
Port 8888 is in use by another program. Either identify and stop that program, or start the server with a different port.
Address already in use
Port 8888 is in use by another program. Either identify and stop that program, or start the server with a different port.
Address already in use
Port 8888 is in use by another program. Either identify and stop that program, or start the server with a different port.
Address already in use
Port 8888 is in use by another program. Either identify and stop that program, or start the server with a different port.
Address already in use
Port 8888 is in use by another program. Either identify and stop that program, or start the server with a different port.
Address already in use
Port 8888 is in use by another program. Either identify and stop that program, or start the server with a different port.
Address already in use
Port 8888 is in use by another program. Either identify and stop that program, or start the server with a different port.
Address already in use
Port 8888 is in use by another program. Either identify and stop that program, or start the server with a different port.
Address already in use
Port 8888 is in use by another program. Either identify and stop that program, or start the server with a different port.
Address already in use
Port 8888 is in use by another program. Either identify and stop that program, or start the server with a different port.
Address already in use
Port 8888 is in use by another program. Either identify and stop that program, or start the server with a different port.
Address already in use
Port 8888 is in use by another program. Either identify and stop that program, or start the server with a different port.
Address already in use
Port 8888 is in use by another program. Either identify and stop that program, or start the server with a different port.
Address already in use
Port 8888 is in use by another program. Either identify and stop that program, or start the server with a different port.
Address already in use
Port 8888 is in use by another program. Either identify and stop that program, or start the server with a different port.
Address already in use
Port 8888 is in use by another program. Either identify and stop that program, or start the server with a different port.
Address already in use
Port 8888 is in use by another program. Either identify and stop that program, or start the server with a different port.
Address already in use
Port 8888 is in use by another program. Either identify and stop that program, or start the server with a different port.
Address already in use
Port 8888 is in use by another program. Either identify and stop that program, or start the server with a different port.
Address already in use
Port 8888 is in use by another program. Either identify and stop that program, or start the server with a different port.
Address already in use
Port 8888 is in use by another program. Either identify and stop that program, or start the server with a different port.
Address already in use
Port 8888 is in use by another program. Either identify and stop that program, or start the server with a different port.
Address already in use
Port 8888 is in use by another program. Either identify and stop that program, or start the server with a different port.
Address already in use
Port 8888 is in use by another program. Either identify and stop that program, or start the server with a different port.
Address already in use
Port 8888 is in use by another program. Either identify and stop that program, or start the server with a different port.
Address already in use
Port 8888 is in use by another program. Either identify and stop that program, or start the server with a different port.
Address already in use
Port 8888 is in use by another program. Either identify and stop that program, or start the server with a different port.
Address already in use
Port 8888 is in use by another program. Either identify and stop that program, or start the server with a different port.
Address already in use
Port 8888 is in use by another program. Either identify and stop that program, or start the server with a different port.
Address already in use
Port 8888 is in use by another program. Either identify and stop that program, or start the server with a different port.
Address already in use
Port 8888 is in use by another program. Either identify and stop that program, or start the server with a different port.
Address already in use
Port 8888 is in use by another program. Either identify and stop that program, or start the server with a different port.
Address already in use
Port 8888 is in use by another program. Either identify and stop that program, or start the server with a different port.
Address already in use
Port 8888 is in use by another program. Either identify and stop that program, or start the server with a different port.
Address already in use
Port 8888 is in use by another program. Either identify and stop that program, or start the server with a different port.
Address already in use
Port 8888 is in use by another program. Either identify and stop that program, or start the server with a different port.
Address already in use
Port 8888 is in use by another program. Either identify and stop that program, or start the server with a different port.
Address already in use
Port 8888 is in use by another program. Either identify and stop that program, or start the server with a different port.
Address already in use
Port 8888 is in use by another program. Either identify and stop that program, or start the server with a different port.
Address already in use
Port 8888 is in use by another program. Either identify and stop that program, or start the server with a different port.
Address already in use
Port 8888 is in use by another program. Either identify and stop that program, or start the server with a different port.
Address already in use
Port 8888 is in use by another program. Either identify and stop that program, or start the server with a different port.
Address already in use
Port 8888 is in use by another program. Either identify and stop that program, or start the server with a different port.
Address already in use
Port 8888 is in use by another program. Either identify and stop that program, or start the server with a different port.
Address already in use
Port 8888 is in use by another program. Either identify and stop that program, or start the server with a different port.
Address already in use
Port 8888 is in use by another program. Either identify and stop that program, or start the server with a different port.
Address already in use
Port 8888 is in use by another program. Either identify and stop that program, or start the server with a different port.
Address already in use
Port 8888 is in use by another program. Either identify and stop that program, or start the server with a different port.
Address already in use
Port 8888 is in use by another program. Either identify and stop that program, or start the server with a different port.
Address already in use
Port 8888 is in use by another program. Either identify and stop that program, or start the server with a different port.
Address already in use
Port 8888 is in use by another program. Either identify and stop that program, or start the server with a different port.
Address already in use
Port 8888 is in use by another program. Either identify and stop that program, or start the server with a different port.
Address already in use
Port 8888 is in use by another program. Either identify and stop that program, or start the server with a different port.
Address already in use
Port 8888 is in use by another program. Either identify and stop that program, or start the server with a different port.
Address already in use
Port 8888 is in use by another program. Either identify and stop that program, or start the server with a different port.
Address already in use
Port 8888 is in use by another program. Either identify and stop that program, or start the server with a different port.
Address already in use
Port 8888 is in use by another program. Either identify and stop that program, or start the server with a different port.
Address already in use
Port 8888 is in use by another program. Either identify and stop that program, or start the server with a different port.
Address already in use
Port 8888 is in use by another program. Either identify and stop that program, or start the server with a different port.
Address already in use
Port 8888 is in use by another program. Either identify and stop that program, or start the server with a different port.
Address already in use
Port 8888 is in use by another program. Either identify and stop that program, or start the server with a different port.
Address already in use
Port 8888 is in use by another program. Either identify and stop that program, or start the server with a different port.
Address already in use
Port 8888 is in use by another program. Either identify and stop that program, or start the server with a different port.
Address already in use
Port 8888 is in use by another program. Either identify and stop that program, or start the server with a different port.
Address already in use
Port 8888 is in use by another program. Either identify and stop that program, or start the server with a different port.
Address already in use
Port 8888 is in use by another program. Either identify and stop that program, or start the server with a different port.
Address already in use
Port 8888 is in use by another program. Either identify and stop that program, or start the server with a different port.
Address already in use
Port 8888 is in use by another program. Either identify and stop that program, or start the server with a different port.
Address already in use
Port 8888 is in use by another program. Either identify and stop that program, or start the server with a different port.
Address already in use
Port 8888 is in use by another program. Either identify and stop that program, or start the server with a different port.
Address already in use
Port 8888 is in use by another program. Either identify and stop that program, or start the server with a different port.
Address already in use
Port 8888 is in use by another program. Either identify and stop that program, or start the server with a different port.
Address already in use
Port 8888 is in use by another program. Either identify and stop that program, or start the server with a different port.
Address already in use
Port 8888 is in use by another program. Either identify and stop that program, or start the server with a different port.
Address already in use
Port 8888 is in use by another program. Either identify and stop that program, or start the server with a different port.
Address already in use
Port 8888 is in use by another program. Either identify and stop that program, or start the server with a different port.
Address already in use
Port 8888 is in use by another program. Either identify and stop that program, or start the server with a different port.
Address already in use
Port 8888 is in use by another program. Either identify and stop that program, or start the server with a different port.
Address already in use
Port 8888 is in use by another program. Either identify and stop that program, or start the server with a different port.
Address already in use
Port 8888 is in use by another program. Either identify and stop that program, or start the server with a different port.
Address already in use
Port 8888 is in use by another program. Either identify and stop that program, or start the server with a different port.
Address already in use
Port 8888 is in use by another program. Either identify and stop that program, or start the server with a different port.
Address already in use
Port 8888 is in use by another program. Either identify and stop that program, or start the server with a different port.
Address already in use
Port 8888 is in use by another program. Either identify and stop that program, or start the server with a different port.
Address already in use
Port 8888 is in use by another program. Either identify and stop that program, or start the server with a different port.
Address already in use
Port 8888 is in use by another program. Either identify and stop that program, or start the server with a different port.
Address already in use
Port 8888 is in use by another program. Either identify and stop that program, or start the server with a different port.
Address already in use
Port 8888 is in use by another program. Either identify and stop that program, or start the server with a different port.
Address already in use
Port 8888 is in use by another program. Either identify and stop that program, or start the server with a different port.
Address already in use
Port 8888 is in use by another program. Either identify and stop that program, or start the server with a different port.
Address already in use
Port 8888 is in use by another program. Either identify and stop that program, or start the server with a different port.
Address already in use
Port 8888 is in use by another program. Either identify and stop that program, or start the server with a different port.
Address already in use
Port 8888 is in use by another program. Either identify and stop that program, or start the server with a different port.
Address already in use
Port 8888 is in use by another program. Either identify and stop that program, or start the server with a different port.
Address already in use
Port 8888 is in use by another program. Either identify and stop that program, or start the server with a different port.
Address already in use
Port 8888 is in use by another program. Either identify and stop that program, or start the server with a different port.
Address already in use
Port 8888 is in use by another program. Either identify and stop that program, or start the server with a different port.
Address already in use
Port 8888 is in use by another program. Either identify and stop that program, or start the server with a different port.
Address already in use
Port 8888 is in use by another program. Either identify and stop that program, or start the server with a different port.
Address already in use
Port 8888 is in use by another program. Either identify and stop that program, or start the server with a different port.
